"","PC1","PC2"
"X10_295.0460_5.96_neg",-0.0040317875237947,-0.00611373985574883
"X1008_376.1186_3.08_neg",-0.0253121078650142,-0.024259757124209
"X101_371.2301_5.40_neg",-0.0426160726811158,0.0148575855488842
"X1010_363.1657_6.16_neg",0.0386269370041478,-0.0185249115360502
"X1013_417.1100_7.19_neg",0.0306706246448264,-0.0346383252837974
"X1014_593.3548_11.44_neg",-0.0154837269731561,0.0122294608195729
"X1016_525.2248_9.20_neg",0.0389602394177842,-0.0225799072483813
"X1019_229.1443_11.89_neg",-0.0437242732877967,0.0204839095369625
"X102_441.0841_8.89_neg",-0.0119511678212246,0.0479346190860014
"X1028_569.2092_6.19_neg",-0.0343592935065144,0.0398891681151775
"X103_387.1663_5.52_neg",-0.0155846864572415,0.0357632723932693
"X1030_331.1764_10.27_neg",-0.0373234770519954,0.0194600354584377
"X1035_267.0733_2.74_neg",0.016972733013171,-0.0381152429084146
"X1036_755.2043_5.55_neg",0.025678908013291,0.0101763145340023
"X1044_221.0691_12.23_neg",0.0362046502424836,0.00536366445632856
"X1048_521.3331_10.03_neg",-0.0113252184261352,0.0328644052351014
"X1049_357.1401_3.14_neg",-0.0434879319273266,0.0221142939656055
"X10516_563.3004_8.06_neg",0.0353518310683704,-0.0177778265787464
"X1052_471.0908_9.57_neg",-0.00823834850996855,0.0528594449047449
"X1054_347.0985_3.07_neg",-0.0465410765367158,0.0125549308763133
"X1055_523.2218_9.62_neg",0.00857347121804902,0.0211356828187722
"X1059_629.2662_8.44_neg",-0.029553443955085,0.0316048423320632
"X106_137.0234_4.67_neg",0.0235165645147635,0.0286366797449598
"X10607_661.3416_10.71_neg",0.007958559417578,-0.04996444085939
"X1064_533.1676_7.42_neg",-0.0308403507398828,0.0200528071343011
"X10665_661.3440_11.34_neg",0.0247328226495617,-0.0350565209086472
"X1067_379.1960_10.65_neg",-0.0380626155841383,0.0205734213534604
"X1076_367.1610_4.68_neg",0.0148675963186905,-0.00503079879458261
"X10772_579.3006_7.82_neg",0.0346164850885515,-0.0114329465776601
"X1079_449.2755_10.14_neg",-0.042621843020009,-0.0203104948041662
"X108_377.1819_6.67_neg",0.0201659739617918,0.0390159066813039
"X1086_227.1286_11.27_neg",0.0391305308638033,-0.00322757606051302
"X1089_215.0830_5.11_neg",-0.0185971594525846,0.00365763912407997
"X10901_677.1737_8.52_neg",0.00310423423621294,-0.0542151645933075
"X1092_837.3210_7.60_neg",-0.0182422025271817,0.011282507848429
"X1093_119.0488_6.51_neg",-0.0137305132922852,-0.0444352165948842
"X1097_629.2097_8.85_neg",-0.0224002231009823,-0.030784729047649
"X1105_379.1972_7.59_neg",0.00102675809379363,0.0176141681753371
"X1108_253.1043_5.26_neg",0.022639089746715,0.0169673145747657
"X1109_465.2000_8.34_neg",-0.0238134448510377,-0.0560854754916147
"X111_639.1766_3.02_neg",-0.0361783494637095,-0.0201107706469689
"X1110_493.2281_7.39_neg",0.0336906340891751,0.0305071897550105
"X1111_731.3505_10.81_neg",0.0454704973416556,0.00885630276185537
"X1114_347.0988_5.23_neg",-0.0310355282429016,-0.0164252578257798
"X1115_361.1418_6.33_neg",0.0333955803880252,0.03106734423446
"X1116_459.0935_8.84_neg",0.00927730507410827,0.0217775113213708
"X1117_547.3127_9.50_neg",0.0356514939659698,0.000969611359463659
"X1120_697.2104_6.78_neg",-0.005214676736691,-0.0508823933481879
"X1121_755.4080_10.34_neg",-0.00896999381030858,0.0235903372694346
"X1122_607.3338_10.37_neg",-0.0143217142950773,0.0142103871124128
"X1128_383.2075_10.95_neg",-0.0404812899836862,0.0286236846366715
"X1130_465.2705_8.32_neg",-0.0119002147212667,-0.010871657867929
"X1131_230.0663_3.25_neg",-0.0398694623617862,0.000827364133080692
"X1137_505.2654_7.46_neg",0.0314521066354042,-0.0116043810834787
"X1138_867.4356_10.58_neg",-0.00812434530441486,0.0428189832312062
"X114_645.2781_12.39_neg",-0.0080128706098895,-0.056706073387578
"X1141_229.1070_4.67_neg",-0.0420429461899492,0.0268964482644364
"X1154_839.3354_8.08_neg",-0.0260448947534599,-0.0153822041032224
"X11608_178.9747_5.95_neg",-0.0323539494605829,0.00141453566759998
"X1167_1043.5438_12.74_neg",0.000849161549353764,-0.0543755217583898
"X1170_267.1182_9.16_neg",-0.0408006146977631,0.0171015896236845
"X11704_449.1090_7.00_neg",-0.0206436322435821,-0.0377975917264599
"X1172_329.2335_11.53_neg",0.0393464696376572,-0.010977529125986
"X1178_763.2157_2.82_neg",-0.0320857403021852,-0.0284758872276357
"X1183_1083.5399_11.63_neg",-0.00487244388721164,-0.0432057258527098
"X11859_433.1170_8.53_neg",0.0014934080444356,-0.0454173403437275
"X11881_783.2891_7.18_neg",-0.0148386541011034,-0.0107236108699783
"X12_595.1310_6.47_neg",-0.0250472377835964,-0.0431097223090825
"X1205_329.0880_5.52_neg",-0.0150503856641964,0.0215147707296842
"X12056_521.2266_8.68_neg",-0.011405447076485,0.015471264794777
"X1207_401.1666_3.71_neg",-0.0436945568206117,0.0207762546472343
"X1208_205.0662_4.40_neg",0.0107335206881155,0.00367969109386027
"X121_549.1161_7.63_neg",-0.00799337560239338,-0.0177611826793109
"X1211_647.2959_9.20_neg",0.0365891111980331,0.000466919478555162
"X1214_629.2623_7.79_neg",0.0243329312284999,-0.0289481833606704
"X12192_477.2341_11.04_neg",-0.0188115449053744,-0.0282820476637139
"X12229_623.2613_8.12_neg",0.00750560936715392,-0.00994643350434808
"X1224_187.0622_3.97_neg",0.0327289404367698,-0.012751897103512
"X1225_589.2682_9.50_neg",0.0128829476142527,-0.0291216611210811
"X123_285.0406_10.76_neg",0.0133226517624924,-0.0430750010513499
"X12300_668.3147_9.21_neg",-0.0127521974053904,-0.0330080365157123
"X1232_210.0764_6.18_neg",0.00765627768347467,0.00293759555395821
"X1237_481.1348_5.85_neg",-0.00297997765732398,-0.0136398152431707
"X1242_661.1381_7.21_neg",0.00323866674850153,0.0413745485880139
"X1244_461.1056_7.23_neg",-0.0449028518816253,0.0186427704590699
"X1251_300.1087_5.37_neg",-0.0353308324098221,0.036269898694135
"X12533_567.0375_6.60_neg",-0.00460076885316225,-0.0210546829064412
"X1254_380.0394_4.33_neg",0.0379585979259911,0.0228011199863664
"X1256_567.2723_5.83_neg",0.00372409778823067,0.0173618594651949
"X1258_623.1269_5.50_neg",0.00606484756777192,-0.0396794635649112
"X1262_677.2311_5.87_neg",0.00495830969184725,-0.0029158723733158
"X1263_250.0717_5.88_neg",0.0019151194577661,0.0258720466653787
"X1271_423.1808_6.56_neg",0.0191997899017615,0.032956187109203
"X1279_378.0976_3.83_neg",-0.0273192720459792,-0.0125325291534246
"X1282_509.2228_6.47_neg",0.0314333222326776,0.0343043622746007
"X1292_762.0360_6.47_neg",-0.0234151306634538,-0.0384144539007046
"X1293_475.0848_8.10_neg",-0.00894981841604523,0.00656822200486877
"X12950_531.1726_8.54_neg",-0.01185551626799,0.0446653550651952
"X13_593.1509_7.42_neg",0.0234659263654521,0.0139437569603376
"X13042_381.0773_5.91_neg",0.00709690478779226,0.0269012789662344
"X13047_456.0733_6.39_neg",-0.0021192163833041,0.0341710081708461
"X1306_267.0502_5.60_neg",-0.0199838217143155,0.024362269735464
"X131_429.1768_8.25_neg",-0.0282188878112059,0.0141150859415522
"X1311_441.2831_6.37_neg",-0.0450092545578896,0.0140978612714831
"X13128_471.2561_10.20_neg",0.0300163082609856,0.000212811598889004
"X1326_333.1917_11.05_neg",-0.0431688783553276,0.0237610797651056
"X133_623.1623_7.57_neg",0.00842593390322772,-0.00771906191784738
"X1330_501.1072_9.10_neg",-0.00668258515377719,0.0413372511782272
"X13315_112.9844_5.61_neg",-0.036157661364211,0.0157893665902779
"X13331_471.2572_10.37_neg",0.0429697711674259,-0.00105614119189787
"X1335_245.1391_8.56_neg",-0.0290547418373405,0.0068045399593524
"X1338_277.1472_12.82_neg",-0.0346284458703854,0.0239078697319998
"X134_309.0615_7.34_neg",-0.00517175627781048,0.00476737585414551
"X1340_585.3487_7.46_neg",-0.00412987457099132,0.0340688087295657
"X1343_245.0937_7.32_neg",-0.0401837417704326,0.0109027438184412
"X1348_401.0967_8.71_neg",-0.0146355232771408,0.0355211945532688
"X13494_447.1113_3.68_neg",0.0447911320418311,-0.00203699840999176
"X135_1037.5336_12.91_neg",0.00685928126099647,-0.0288418050694803
"X1352_190.0483_8.60_neg",-0.0243997309407366,0.00275347069813693
"X1353_249.1251_5.52_neg",-0.0332960100732488,-0.023368129015727
"X1354_279.1235_7.57_neg",0.0204875842661943,-0.0171204311419752
"X1357_559.2760_12.47_neg",-0.0150996380946208,-0.0595040057248313
"X1358_379.1969_9.25_neg",0.027795173143184,-0.00772817535735872
"X1361_567.1712_9.57_neg",0.038820478213886,0.0102581587645449
"X1364_465.1040_6.17_neg",0.0284207741508572,-0.0391118807645599
"X1373_489.2703_9.13_neg",0.00583456235354099,-0.0394100397126089
"X1375_489.1771_7.41_neg",0.03743497220707,-0.00230894247069674
"X1379_325.1505_4.57_neg",-0.0170636021873736,0.048245640890225
"X140_387.1663_6.13_neg",-0.0189547281416078,0.0432547710827598
"X1404_741.2611_7.84_neg",-0.0232239710527102,0.0165187773541644
"X1406_572.2837_10.26_neg",0.00784953543481802,-0.0392516515172538
"X1408_285.0408_9.49_neg",0.0347095968130443,0.0140763379650256
"X1412_395.1920_8.04_neg",0.0385701022460299,-0.000358541110477807
"X1413_621.2775_8.81_neg",0.0191691311790138,0.0466925053720295
"X1414_591.2296_7.34_neg",-0.00292406051088748,0.0577827406354078
"X14143_656.1306_4.99_neg",0.00334918310854391,0.00684313110498265
"X1416_421.2437_11.33_neg",-0.0331744595285746,-0.0090967312652738
"X14176_609.5455_6.83_neg",0.0134313305859946,0.0275970579027393
"X142_465.1981_7.80_neg",-0.0357678500545709,0.0206243634141948
"X1421_352.1037_6.19_neg",0.0240761700258384,0.0223459273793034
"X1426_237.0749_7.92_neg",-0.0459391433096027,0.00400516489648587
"X14265_523.0504_8.59_neg",-0.00262141513417698,0.0600849364061942
"X143_467.2135_8.88_neg",-0.0286594725760448,0.0454125074489727
"X1431_563.1620_5.28_neg",0.015965176783507,-0.0533927448771344
"X14316_485.1081_11.53_neg",-0.00308353687856103,0.0582067001838939
"X1433_747.2874_8.29_neg",0.00769652349971562,0.0105501319606066
"X1437_373.1141_4.57_neg",-0.0133511014961997,-0.000993707480592442
"X14434_667.0001_5.92_neg",0.00636072651044368,-0.00432580125396564
"X1452_563.2140_8.11_neg",0.0338275726181153,0.00517446883083827
"X146_355.0984_5.50_neg",-0.0222644898610207,-0.00549030971505558
"X1463_309.9635_7.60_neg",-0.0213758954222151,0.00351226632162706
"X1466_517.2284_8.18_neg",-0.00923984775385158,0.0420523045996274
"X1467_475.2280_10.40_neg",0.00668093597261893,-0.030580820189412
"X1469_322.9483_4.05_neg",-0.0314316602906935,-0.00566531971880482
"X14767_603.3005_8.67_neg",0.0450138956226417,0.00696079053312854
"X14787_549.2533_7.40_neg",-0.0207802103137824,-0.0406797513236599
"X148_295.1036_2.51_neg",-0.0173108871473352,-0.03286573074972
"X1481_855.3652_10.28_neg",0.00463896573375723,0.00174896774817003
"X1486_308.0786_4.59_neg",-0.0240257929239159,0.0395254987694547
"X1487_451.1755_8.97_neg",0.0215624540741142,0.00820378113437194
"X149_433.2081_5.16_neg",-0.0250272231961936,0.0177249178968001
"X1494_485.2479_9.91_neg",-0.0180774137423144,0.0190359541973639
"X1501_423.1802_5.16_neg",-0.00698993086581131,-0.000618534292921597
"X1502_321.1567_8.05_neg",-0.0088538995087282,0.0578401835932772
"X15083_559.1374_7.47_neg",-0.0166116814320269,-0.00262095762167103
"X15137_553.3596_12.21_neg",0.00728188671761507,-0.0104951225733995
"X15217_533.2595_8.56_neg",0.0150128444236599,0.0076162916299463
"X1522_309.1192_5.11_neg",-0.0407355288736129,0.0327748300051404
"X1527_173.0813_7.81_neg",-0.0422396818853489,0.0023397145608095
"X1531_431.1194_5.36_neg",-0.0249251739266414,-0.0447317036296431
"X15337_433.1154_5.18_neg",0.031564547899584,0.0170162745476428
"X15342_567.2723_9.53_neg",0.00032801750382175,0.0177660284753451
"X15377_533.2272_9.44_neg",-0.0222605308778192,-0.0600131445095457
"X1538_515.1618_2.62_neg",-0.042241624737806,0.0202268866532289
"X1539_1013.4964_11.02_neg",-0.00450376673420737,0.0353106966445039
"X1546_971.4870_10.65_neg",0.0145680621791488,0.00615057755469458
"X15508_161.0436_3.27_neg",-0.031391848979291,-0.00226870878271338
"X1552_312.0950_2.64_neg",-0.0248019226587449,0.013921223780919
"X1556_407.1895_7.28_neg",-0.0361821129743008,0.0100292053422739
"X1557_373.1144_6.62_neg",0.032698071421165,-0.0127263189545258
"X15600_417.2110_8.03_neg",-0.0215859231145401,-0.0058199077553868
"X1564_366.0256_3.13_neg",0.0377185007529326,0.024038485695575
"X15681_653.1925_3.55_neg",-0.0182665645054608,-0.0364298188127437
"X1572_411.1664_9.38_neg",-0.0248215459200225,-0.0145416362908195
"X1576_519.0781_9.28_neg",0.00452580726168693,-0.0287710321090659
"X1584_403.1151_8.04_neg",-0.0405279011565787,0.0319044399330735
"X15863_307.8560_5.80_neg",-0.0366947096534179,0.0184775776904912
"X1588_371.1428_8.36_neg",0.0276226588505148,0.0199323090527929
"X1589_261.0412_8.99_neg",0.00337030803523822,-0.00601270813627322
"X1597_391.1148_5.25_neg",-0.0372778097214539,0.0306858307141545
"X16_279.0510_7.00_neg",0.00478489329346487,0.00510215116647028
"X16016_355.1250_3.20_neg",-0.0368953929874674,0.0226540858495295
"X1608_326.1095_3.02_neg",-0.00225301043580563,0.0110028842230308
"X16108_429.1787_6.60_neg",0.0164165115949113,0.0281173324095121
"X16109_134.8720_6.97_neg",-0.0268203726735139,0.00152117549055116
"X1613_491.2857_9.40_neg",-0.00826025823158496,-0.0431634319464107
"X1614_371.1253_9.03_neg",0.0233347076430554,-0.0290627570542014
"X16198_379.1611_5.42_neg",-0.00823619836764224,0.00697792370374124
"X1622_488.0979_5.41_neg",-0.0161707313082229,0.00577003792181369
"X16297_440.8443_9.36_neg",-0.00821138190611377,0.0555152360837871
"X16324_477.1343_6.35_neg",0.0126351071758396,0.0324826807853798
"X1638_384.0365_12.51_neg",-0.0225393628862274,-0.0189388860300329
"X16393_729.3325_12.49_neg",0.0151172315211377,-0.0417750690836978
"X164_373.1424_7.63_neg",0.00687553796100245,-0.0451221513495151
"X1640_249.0407_5.55_neg",0.0112137754625536,0.0163609343698084
"X16402_521.1281_8.32_neg",0.0214307180867522,-0.00570267301599396
"X16404_433.2082_7.30_neg",0.00766430624085276,0.0238466792904717
"X1647_299.0413_12.16_neg",-0.0226472542053716,-0.00162233800104739
"X16593_547.1805_11.04_neg",0.0269422681382661,-0.0108070786268043
"X166_579.2088_8.80_neg",-0.0146002156263654,-0.00842092057730734
"X1663_547.2032_10.59_neg",-0.0185604765952026,-0.0422592288909388
"X1664_237.0465_7.42_neg",0.0400734806552074,0.00550855346690458
"X1669_583.2036_6.32_neg",0.0247997630731694,-0.0257658553604819
"X168_241.0365_3.06_neg",-0.0351226398264805,0.0083922532360917
"X16880_407.0688_7.26_neg",-0.0113308150256183,0.0129174008903169
"X17_609.1464_6.85_neg",0.0061376750443489,0.0247056656932229
"X17010_411.0973_6.08_neg",-0.0132549600249044,-0.0104199073812006
"X1711_678.3109_9.32_neg",0.0158173706031448,-0.042201554325624
"X1713_755.4079_10.41_neg",-0.01919899877839,0.0297190997433717
"X1718_327.1095_5.69_neg",-0.0030066198495898,-0.0228718257826934
"X172_395.1922_5.57_neg",0.0244564767037831,0.0154504431762902
"X1729_393.2113_7.30_neg",0.036437619893112,-0.0207492581832377
"X1730_236.0520_5.39_neg",-0.00184461449553764,-0.00510101393771783
"X174_301.0355_9.51_neg",-0.0132657473554005,-0.0556570483508536
"X17443_395.1577_4.23_neg",-0.033179061349285,0.0124123616640091
"X175_609.1472_6.21_neg",0.0220169368020145,-0.0482775949285906
"X17526_725.1962_6.41_neg",0.00178401305717892,0.0120057184800999
"X1753_551.1884_6.57_neg",-0.00110798150743392,0.00823953924066065
"X17578_515.1776_7.45_neg",0.00922944256579985,-0.0275909453906097
"X17584_501.1947_7.31_neg",0.022384004357952,0.00789887213241044
"X1761_257.0821_11.50_neg",-0.0160398493001545,-0.0380924492262125
"X17655_349.0214_5.36_neg",-0.00892889527036923,-0.0313795070585851
"X17672_519.1508_9.24_neg",0.0255915743396588,-0.00968339887148407
"X1768_337.1506_7.34_neg",-0.00134502352852974,0.0118881883178012
"X1769_387.1505_8.87_neg",-0.00135315010460603,-0.0288795110870744
"X177_447.0923_7.68_neg",0.00503787167947973,-0.0296424037175567
"X1770_467.0820_7.43_neg",0.0368775528533701,-0.0259060289680841
"X1771_425.2189_11.87_neg",-0.0385205504234894,0.0376772678478974
"X1785_411.1892_6.28_neg",0.0150249460009798,0.0400353703086536
"X1787_403.1513_8.50_neg",-0.0223524179726458,0.0354928045189573
"X1789_553.2168_9.30_neg",-0.0349141792591729,-0.0390941397825545
"X1795_159.0654_5.35_neg",-0.0410714415553801,-0.00326209409604574
"X17984_561.2589_8.38_neg",0.0377921212845955,0.00455940097343119
"X18_1067.5438_12.94_neg",0.00202467123364394,-0.0539921396832525
"X180_681.2429_5.86_neg",0.0114695832073891,-0.016228459876228
"X1801_339.0724_9.49_neg",0.00832691088082046,0.0106855541850824
"X18045_394.9774_5.57_neg",-0.0164451144202668,-0.00888361410229079
"X18078_461.1958_7.64_neg",-0.017781401225589,0.0297595783254407
"X1816_729.3333_12.53_neg",0.0172122194000457,-0.0417195270144184
"X1817_269.0484_10.57_neg",0.030538239103109,0.0138459902656272
"X182_278.0676_5.01_neg",-0.00855911481731809,-0.0100468039896668
"X18242_519.1677_6.24_neg",0.0262202480737344,0.0316371281800449
"X1826_573.2867_10.14_neg",-0.0126435655872212,-0.0409849050551564
"X1828_731.3532_12.65_neg",0.0150530157455304,-0.0334236100517661
"X1832_575.2711_10.38_neg",-0.00302687532851995,-0.062998175819446
"X1839_375.1663_10.50_neg",-0.0328879815103277,-0.000613710166624537
"X185_239.0573_5.19_neg",0.00373770687109215,-0.00184621503061757
"X1850_221.0667_9.21_neg",0.028385855426301,0.0314844829108217
"X1852_747.3454_11.63_neg",0.0122469033935817,-0.0560621608446122
"X1858_435.1350_5.70_neg",0.00909698617769686,0.00952209319640318
"X1859_201.0431_5.53_neg",-0.0296436837217747,0.0257900654329823
"X186_311.0521_6.95_neg",-0.0174197927173895,0.0598491651753127
"X1867_614.2768_10.15_neg",0.00896431078654417,-0.0241710507662384
"X1872_593.2819_8.31_neg",0.00772644230343489,-0.0626933973622454
"X188_278.0675_5.30_neg",-0.00693494043535792,-0.021838744945852
"X1880_441.1048_5.35_neg",0.0113849233876368,-0.0103508602763498
"X1890_172.0611_5.21_neg",-0.0331898786448835,0.00625781327747414
"X19_311.0432_4.22_neg",-0.0205031172918363,-0.00324296881320243
"X191_427.1967_6.63_neg",0.0110022136330363,-0.016438800239693
"X1913_1117.5452_10.33_neg",0.0131809557371693,-0.0523513369414761
"X1922_543.3173_11.59_neg",0.0370817806152074,0.0363482127825727
"X1926_433.0824_7.45_neg",-0.0160373935656622,-0.0263686613285
"X1927_391.1621_7.41_neg",-0.0375414946459252,-0.0106978997040145
"X1929_294.0981_6.14_neg",-0.0255511245678223,-0.0110596709023748
"X1935_533.2590_11.50_neg",-0.0252450196444867,-0.0496550702271398
"X1937_303.0527_7.21_neg",0.0417794125587334,-0.0128965986718321
"X1938_837.3521_11.12_neg",0.0035807104850465,-0.0238328351782337
"X1943_563.3048_8.26_neg",0.0462301316742548,-0.000941257970690736
"X195_393.1772_6.40_neg",0.0333363040480307,0.00413907536558209
"X1952_803.3149_10.88_neg",-0.0262084487588873,0.00117705104458052
"X1962_457.1930_4.40_neg",0.0319986959606766,0.0287532193205902
"X197_795.4546_12.65_neg",-0.00962310403075153,-0.0529424356047658
"X1970_315.0498_7.91_neg",-0.0061839220647861,-0.039128755679103
"X1978_579.1369_7.45_neg",0.00693514393550345,-0.0497481296657119
"X1987_425.1813_7.30_neg",0.0167218416946908,-0.0150708469779656
"X199_433.0800_7.33_neg",-0.0221301820580117,-0.015065362754966
"X2_461.0733_7.67_neg",0.00852101915690224,-0.0463047390400384
"X2004_545.2699_8.62_neg",-0.00810619512905729,-0.0457018182336701
"X2007_677.2833_8.17_neg",-0.0075265076441535,-0.031474114357954
"X201_401.1422_5.60_neg",-0.0127458903564311,-0.00356363800462982
"X2013_461.1562_7.30_neg",0.037228845589175,-0.00446994768766059
"X2026_273.1458_2.82_neg",-0.0199319800742407,0.00477303477724214
"X2031_403.1514_8.34_neg",-0.0198598401969137,0.0414958352597951
"X2034_243.1237_8.84_neg",0.010943484632816,0.0206676992007446
"X2036_437.1068_7.77_neg",0.0260582068906179,0.0154738046855567
"X2048_341.1605_5.34_neg",0.0100370262380751,0.0233178607412269
"X2058_267.0273_10.66_neg",0.0295626694905903,0.0259183097226444
"X207_121.0284_5.74_neg",-0.0267495908556868,-0.0288765984672338
"X2074_439.1828_7.73_neg",0.0393599710850522,-0.0119910854481521
"X2082_565.3229_7.82_neg",0.0456242882168035,0.00761222443422681
"X2088_521.2008_5.80_neg",-0.0220469750186595,0.015014426498915
"X2094_519.2434_6.26_neg",-0.00452412361687123,-0.0105887755381413
"X2105_557.2604_12.21_neg",-0.0153291613572423,-0.0583060405192765
"X2114_349.1868_10.56_neg",-0.0312168988210154,0.0106392294229575
"X2122_571.2192_7.40_neg",-0.0120828444091338,-0.0361788076353216
"X2127_361.1865_11.11_neg",0.00793826477054883,0.0467389489829538
"X2136_445.1109_8.84_neg",0.0024945195505232,0.00852355200682824
"X2140_600.1933_5.79_neg",0.0312418800401034,0.000319954957243931
"X2145_653.1378_8.58_neg",-0.0305139900337455,-0.0299136246226901
"X2151_305.1607_8.90_neg",0.00912402670913474,0.0310120292331369
"X2153_693.2780_7.81_neg",-0.0135138061093468,-0.0272807645627317
"X2159_371.1323_6.28_neg",-0.0397587245161188,0.0293013655873631
"X2167_695.3185_11.45_neg",0.00772412555374714,-0.00685175312740947
"X2168_445.2402_10.15_neg",0.0316102863122745,-0.00797280219196359
"X217_483.2170_8.58_neg",0.0410884396038002,-0.00866218981084694
"X2187_651.0872_5.68_neg",-0.00582440043518161,-0.046120354860486
"X2189_359.1207_3.63_neg",-0.0235182234321566,0.0435261236120344
"X219_1229.5963_11.79_neg",0.00169917543630447,-0.0485983944146388
"X2194_663.2889_8.21_neg",0.0322361402881223,0.027555586553395
"X2198_471.1479_6.39_neg",-0.00891841828131597,0.03485583050614
"X220_491.2139_8.87_neg",-0.0176604938478548,-0.0626479988976381
"X2203_523.1800_8.59_neg",0.00584079956670852,0.0024313571977006
"X2204_501.3051_11.04_neg",0.0462746065789877,0.00110783534203685
"X2207_679.2827_11.33_neg",-0.00254470714681161,-0.0466508437646338
"X2213_271.0617_10.47_neg",0.0443007777196505,-0.00747050377284937
"X222_519.1873_7.61_neg",-0.0284631719257125,-0.00563877214563644
"X2236_855.3671_10.86_neg",0.00906940607093127,0.0161162955465892
"X2241_361.1133_3.59_neg",0.00916457173182989,0.0429383048584852
"X2248_593.3546_10.85_neg",0.000246964979942075,0.019125953461064
"X225_549.0887_7.40_neg",-0.00850694519979013,-0.002306849231078
"X227_309.1192_3.43_neg",0.000706171835296548,-0.00627219606927299
"X2280_594.1561_4.09_neg",-0.0355808633122821,-0.0153703928820081
"X229_644.0086_4.96_neg",-0.0330583387064904,-0.0146474376195452
"X2305_403.1975_11.28_neg",-0.0194448463421199,0.047962429279905
"X2306_667.1142_4.21_neg",-0.0325325026548196,-0.0328709748281286
"X2308_149.0157_7.24_neg",-0.00658864291613159,0.0638665313093091
"X231_187.0969_8.08_neg",-0.0367943383109499,0.0151102608862399
"X2315_593.2811_10.82_neg",-0.0103955782713996,-0.0475075738821384
"X2321_609.2193_9.03_neg",-0.00075841157929394,0.00328716397595069
"X2322_365.1807_7.76_neg",-0.00636794178951743,-0.015308972620222
"X2341_655.2838_8.84_neg",-0.0242004698189512,-0.0166304392413056
"X2342_471.0881_10.38_neg",-0.00230595331555386,0.0604197233763025
"X2345_339.0725_9.04_neg",-0.00606575143361344,-0.0395004337314048
"X2348_512.2037_7.87_neg",0.0027601594930254,0.0594521187263232
"X2359_536.2041_9.16_neg",-0.00799705810807289,-0.02674120689676
"X236_755.2042_6.27_neg",0.0206599185084036,0.029852522467586
"X2384_686.2567_7.87_neg",-0.0148364791617208,0.0414385947313589
"X2385_321.1716_12.22_neg",-0.0438932940581021,0.0120024098482021
"X24_315.0725_3.60_neg",0.0421119241821839,-0.00725402626759813
"X2400_351.1661_8.19_neg",-0.0462191860916417,0.00956872561528467
"X2401_337.1871_10.17_neg",-0.0431801728820907,0.0193277216876511
"X2416_201.1218_3.55_neg",-0.0259300211200689,-0.0198888288271052
"X2427_391.1923_7.47_neg",0.036976216811463,-0.0121105448839234
"X2439_503.2478_7.20_neg",0.00126670511270986,-0.0365142483967589
"X244_377.1818_7.12_neg",-0.00367280306410604,0.0213412251729031
"X2447_731.3502_10.57_neg",0.0452630951981908,0.0184872082188292
"X245_487.0884_9.61_neg",0.00190946087836252,0.0575379831404101
"X2462_455.0988_11.27_neg",-0.00033881123700108,0.0605771628583262
"X247_677.2832_8.56_neg",-0.00474772133349742,-0.0307492965563108
"X2477_867.4047_12.19_neg",-0.000999949980303993,-0.0275238607351151
"X2495_449.1935_10.08_neg",-0.0173496139105657,0.0441017683310174
"X25_741.1929_6.19_neg",-0.00764213004175668,-0.0139834936638614
"X252_315.0724_4.35_neg",0.0306813631864778,-0.000149410029592581
"X2543_445.1178_9.07_neg",0.0106141393261347,-0.000256286130437577
"X2544_459.1485_10.32_neg",-0.0333753605208938,0.0392643314372029
"X2554_193.0862_12.32_neg",-0.0447608821901888,0.0158645406550606
"X2556_533.1726_7.43_neg",-0.0200147335130563,0.0389687252384643
"X2581_383.1716_7.60_neg",0.0307392208493964,0.0379689780609895
"X2583_367.1054_8.97_neg",0.0112016561394167,-0.00231574040836124
"X259_389.1819_5.95_neg",-0.0275305650509636,0.0480082605222306
"X263_549.2537_7.09_neg",-0.0269200905414563,-0.00209967294228292
"X2658_698.2569_7.79_neg",-0.0147641605857348,0.0230343544001915
"X266_559.2759_12.23_neg",-0.0107175286584448,-0.0565451046277791
"X267_349.1827_5.36_neg",0.0242573751100004,0.0228186802756001
"X2689_487.2498_9.56_neg",0.0297283457991986,0.0384491875023321
"X269_551.1381_7.93_neg",0.032603760979015,-0.028968010626447
"X271_647.3103_8.87_neg",-0.00573847521091536,-0.0318555184334526
"X2711_675.2689_8.35_neg",-0.00449674837609083,-0.0287909304200843
"X273_635.1629_6.82_neg",0.0145202080553215,0.00289985028151698
"X274_429.2101_7.08_neg",0.0189133797736978,0.044116536888771
"X2742_273.0772_10.22_neg",-0.0125322597147818,-0.0375682220897759
"X2756_323.0768_7.80_neg",-8.95041522305895e-05,0.0622037358503753
"X276_265.0902_2.41_neg",-0.00642008806562745,0.0275977277915721
"X277_587.3072_10.75_neg",0.0447998098026887,0.0109184226313035
"X2780_447.0934_7.15_neg",-0.0105452965049659,-0.00801751827118909
"X28_725.1942_6.68_neg",0.0120402741905227,-0.000285952117695655
"X281_327.1085_5.98_neg",-0.0169693741872366,-0.0266257923715444
"X282_483.2084_5.46_neg",-0.0221172550888625,0.00230606228427453
"X2822_395.1920_7.82_neg",0.0335229962724187,0.0145266538289215
"X2823_653.1745_7.80_neg",0.0236696113940916,-0.0391205101803158
"X2836_317.0629_8.40_neg",0.0390099922323372,-0.00683966793968766
"X286_447.1149_4.18_neg",0.00504105973189338,-0.0516514802405624
"X2871_341.1291_9.42_neg",-0.0294729855556449,0.0522150803105998
"X2879_653.2689_9.47_neg",0.0430905537762954,-0.0106317781811881
"X289_389.1824_9.29_neg",0.0410874896442574,0.00190958300517586
"X29_579.1360_7.01_neg",-0.0156619846580428,-0.0479474497162568
"X290_189.0761_6.37_neg",-0.0158760973171208,0.00032473197120828
"X2902_399.1657_7.21_neg",-0.00472913133996057,-0.0040233781551475
"X2908_243.0715_7.51_neg",0.0329675871345384,0.0208571874209107
"X2913_561.2004_7.65_neg",0.0403952051980204,0.0151816544331175
"X292_357.1919_10.86_neg",0.00741531021777773,0.048681896623658
"X2924_471.0895_10.20_neg",0.00577162739047627,0.0604096092663635
"X2944_661.2715_11.37_neg",-0.00745078808825386,-0.0616629134718284
"X295_547.1577_6.64_neg",0.0315566428828115,0.0171197785130607
"X2956_429.2132_12.77_neg",-0.0441131099406508,0.0098851211646984
"X2959_971.4871_10.49_neg",0.0192159655148041,-0.00407807671669628
"X2962_621.3126_8.43_neg",0.0333385460645441,0.0382854499864772
"X2984_719.3503_11.17_neg",-0.0390960585109818,0.0164799132077527
"X2991_181.0472_5.73_neg",-0.0415829500667806,-0.012657450342665
"X30_1051.5495_13.09_neg",0.0112201311585248,-0.0331125824334284
"X3004_173.0811_7.55_neg",-0.0442922415021072,0.00635521434495027
"X3013_415.2014_10.99_neg",0.0115439563887188,-0.0254872750277641
"X3019_447.2523_9.91_neg",-0.0314540550856645,-0.0118807244028223
"X302_461.1668_6.23_neg",-0.0114596792186894,0.0468354372953622
"X3025_399.1400_11.79_neg",-0.0445922856070187,0.00698502353424425
"X303_203.0815_4.29_neg",-0.0251080355154787,-0.0154706752911533
"X304_729.3352_12.90_neg",0.00983613550612495,-0.064661737138469
"X3045_485.2393_11.56_neg",0.0359857108785372,0.0369793615176794
"X3048_465.2698_9.46_neg",0.025955187009843,0.0142629685858526
"X307_685.2353_5.95_neg",0.00680924488381327,0.0131793663571246
"X309_565.1927_7.61_neg",-0.0247168637484041,0.00476686078142425
"X31_387.1664_5.70_neg",-0.0110347416359502,0.0358606786717484
"X311_755.2041_6.13_neg",0.0316015688362241,-0.0142075934792046
"X3128_369.0828_5.51_neg",-0.0248974938407538,-0.0366737580117253
"X3129_395.1917_4.95_neg",0.0293194671053344,0.0235990095809383
"X3137_323.0976_4.02_neg",-0.0403018184823768,0.00235794761445456
"X315_326.1020_7.73_neg",0.00973549348675672,0.00225039028553187
"X3151_594.1138_5.01_neg",-0.0162513096649706,-0.046278771963459
"X3158_215.0286_4.64_neg",0.0419181635717772,-0.0200191983693968
"X3164_475.2470_8.28_neg",0.0181848786323602,0.00505605491909872
"X3168_401.2176_9.27_neg",0.0467637284783632,-0.00566611850440827
"X3172_446.1795_4.63_neg",-0.0449839836931137,0.0105802002329721
"X3173_177.0191_5.40_neg",0.0393343774975387,0.0127516678461565
"X3174_809.4338_11.26_neg",0.0176675362472903,0.0350001238299192
"X3176_565.1550_7.48_neg",0.0272056555621965,-0.003885733281749
"X3186_969.4719_11.05_neg",0.00111094816932106,0.0487419516695986
"X3201_287.2218_11.96_neg",0.0271043036685342,-0.0265403250833134
"X321_441.1979_7.26_neg",-0.00151212503764368,0.0277431373391731
"X3212_277.0935_10.35_neg",-0.0181210842126433,0.0244221826257678
"X3213_536.1274_3.59_neg",0.00297360870608215,-0.00903822081701868
"X3214_805.3310_9.49_neg",-0.0281237460286526,-0.0106082580944369
"X3217_588.1145_3.77_neg",-0.0197353776044582,-0.0193531827551622
"X322_655.3087_8.67_neg",-0.00800005980318574,-0.0520026507780986
"X3220_317.5568_5.25_neg",-0.0131696611249701,-0.0428986385219475
"X3225_407.2652_10.98_neg",0.0364198211474815,-0.0305344582741162
"X3228_709.2973_8.94_neg",-0.00782448254240684,-0.0602556234695699
"X3238_723.2042_3.31_neg",-0.0327744743002292,-0.0174608732612661
"X3243_477.2252_6.13_neg",0.0090909719776609,0.0434551793309161
"X326_565.1925_6.98_neg",0.024909762577726,0.00293550845206261
"X3266_587.2327_7.59_neg",0.0375817986263093,0.00816130410135641
"X327_429.1770_7.88_neg",-0.0327247806108151,0.0443818086406632
"X3271_783.1430_7.21_neg",-0.000237193771401772,0.0225633257898718
"X3273_343.1029_4.31_neg",-0.000986254414747665,-0.0058200386911147
"X328_164.0684_3.24_neg",-0.0315351756881492,0.000627315178873531
"X3284_171.0658_6.15_neg",0.0356259711520158,-0.0127308485709174
"X3328_695.1474_6.56_neg",0.0355065985004451,-0.0125477505163865
"X333_403.1505_7.53_neg",0.00631384224838605,-0.0297047541630173
"X335_895.5054_12.95_neg",-0.00014693212298969,-0.022449468491839
"X336_475.2177_6.56_neg",0.0225772015530248,0.0276089547986991
"X338_621.1249_5.11_neg",-0.000454943916737842,-0.0347121687708768
"X34_421.2081_8.68_neg",-0.0405138583693871,0.0154286981693202
"X341_242.1760_11.17_neg",-0.0356015968362821,0.00509320327583903
"X342_439.1824_6.58_neg",0.032022971154531,-0.0231769351284343
"X343_551.2713_7.21_neg",-0.0181455272724163,-0.0107410293995798
"X3475_681.1939_6.44_neg",0.0318837675599213,0.0224257902061758
"X3480_343.1261_3.40_neg",-0.0234936798561195,0.0324953818104233
"X3484_403.0986_8.74_neg",0.00767261993334927,-0.027361787653344
"X349_469.2292_9.27_neg",-0.0410797281017774,0.0282697468123492
"X3493_256.9551_6.40_neg",-0.017931185323842,0.0252119741918844
"X3495_654.3628_8.19_neg",-0.0110904681785477,-0.00578130014685746
"X35_323.1349_4.42_neg",-0.0454558736479812,0.00970915097506582
"X350_1008.0547_7.05_neg",-0.0040048529264118,-0.0383929559825405
"X3549_447.2099_3.71_neg",-0.0391183514922578,-0.0201407879846
"X355_475.0932_8.60_neg",0.0301569906879923,-0.00570373946356308
"X356_475.2461_7.86_neg",0.0405632173780338,0.0203118641727174
"X3567_269.0551_9.19_neg",0.0390489810384704,0.0132382900622479
"X3570_779.2465_3.12_neg",-0.0319222731108945,-0.0155853673775773
"X3579_445.1670_6.72_neg",-0.0321379529428803,0.0231923288823388
"X358_697.2351_8.85_neg",0.00703797382934489,-0.0460357057940857
"X3588_718.3037_9.21_neg",-0.00568902665092656,-0.037125507389201
"X359_403.1610_6.39_neg",-0.0271695648418815,0.0278541690477546
"X3631_307.1397_5.77_neg",-0.0425462611462765,0.0282572629934607
"X365_310.0934_4.33_neg",0.0359328909083572,0.021179807589147
"X3672_653.1922_3.37_neg",-0.00264897048893866,-0.0397208928270863
"X3674_495.2490_9.12_neg",-0.00762493110819964,-0.0300114038392877
"X370_403.1147_7.64_neg",-0.0287692925289575,0.0296072255456255
"X371_477.2324_6.42_neg",0.0192827060520905,0.0504533002556674
"X3711_531.0587_8.49_neg",0.00954385147661241,0.059507583466566
"X372_379.1611_5.44_neg",-0.0129767856616194,-0.00609428678242006
"X3722_533.0941_8.53_neg",-0.010671261376729,0.0321757586140831
"X3726_433.2080_5.94_neg",-0.0158237909394083,0.0208047736868755
"X3755_807.4190_11.52_neg",0.0205355864693121,0.0297793226453768
"X3782_621.2190_8.25_neg",0.0295536733518665,0.024391334394873
"X380_459.2236_8.82_neg",-0.000146058522042401,0.0116265157188059
"X3808_579.2656_6.19_neg",0.00635805995692474,0.00338800612310772
"X382_307.1398_6.63_neg",0.0281755974617547,-0.00621245930085288
"X3823_431.9998_3.49_neg",0.0156751280931615,-0.0474215791372792
"X3829_640.3035_8.75_neg",-0.00748547110958517,-0.0237860770421995
"X383_326.0981_7.32_neg",0.00631215519590456,-0.000905312463947197
"X3840_621.2199_9.38_neg",0.0041865807600449,-0.000451681340080984
"X385_293.1759_12.98_neg",-0.0443285706342419,0.0115695147725075
"X3854_499.2551_11.69_neg",0.0417374910422798,0.000622156507213318
"X386_297.1192_2.78_neg",0.0209660088058018,0.000480945396228942
"X387_385.1506_8.06_neg",-0.0371165681551547,0.00207169040402045
"X3879_114.9330_6.96_neg",-0.0258755206126168,-0.000999259211566465
"X39_299.0774_4.73_neg",0.0307498252942738,-0.0288227709134848
"X3906_221.0679_10.15_neg",0.0391049044970021,-0.00115168993497734
"X391_218.1030_3.69_neg",-0.0433176140291166,-0.0019514010434592
"X3913_345.1506_8.63_neg",0.0105062839256896,0.0498881344700789
"X3918_229.0685_8.84_neg",-0.0226572036285538,-0.0125039317106047
"X3932_463.1245_10.45_neg",0.0374702512331273,0.0169314305565863
"X394_294.0622_4.65_neg",-0.00985961155324124,-0.0107250475737395
"X396_679.2827_8.50_neg",-0.00372407947481267,-0.0612095914233807
"X397_395.1923_5.11_neg",0.0228569272201581,0.0158525557830542
"X3976_381.0822_5.82_neg",0.0212806961892709,0.0532150864011285
"X3998_1135.5549_9.25_neg",-0.0104543132168342,0.00416533941262116
"X40_941.5125_12.47_neg",-0.00338518168605106,-0.0533412128560852
"X4006_911.5011_12.45_neg",0.00354889557872722,-0.0233436681964739
"X4010_471.0937_8.80_neg",-0.0042528699092157,0.0518447811491513
"X402_461.1667_6.40_neg",-0.00889525232543068,0.0182270415173883
"X4020_341.0903_5.32_neg",-0.0159388574549035,-0.0127121948372772
"X4032_707.2893_8.67_neg",-0.00398090810874966,-0.0344750478839963
"X406_505.2579_9.91_neg",-0.0253214545071829,0.0188713141166729
"X4064_233.0453_6.28_neg",-0.027008093714035,-0.0250498041744336
"X4066_569.2232_6.63_neg",-0.0118641618873832,0.0188485161065465
"X408_595.1673_5.35_neg",-0.00785514829323005,-0.0604768071743343
"X411_459.2581_9.90_neg",0.0232678885702177,0.0316017978311885
"X4129_775.2410_6.98_neg",0.00416548664755438,0.0193995116237354
"X413_1027.5495_12.60_neg",0.000529755330742667,-0.031442049737333
"X414_391.1963_6.44_neg",0.0263230469411796,0.00268962783823248
"X415_523.2186_7.46_neg",0.0271823432172399,-0.000151139185486387
"X416_449.2026_6.96_neg",-0.0348132484342645,0.0317468285270584
"X4178_315.0515_11.05_neg",-0.00573585475263264,-0.0605471281376033
"X4220_281.1071_9.27_neg",-0.0395980217214924,0.019268533212567
"X4242_431.1931_6.10_neg",-0.0171999191137236,0.03930468370181
"X425_565.1935_7.76_neg",-0.00805107977180997,-0.0251007277146872
"X4254_771.4013_9.24_neg",-0.0104006061479287,0.0362495128381899
"X426_755.2080_6.75_neg",-0.0020839850886043,-0.0269640063873183
"X427_605.1253_5.52_neg",0.00323424669853965,-0.0250022125459407
"X4274_199.0971_7.35_neg",-0.0421497389120489,0.00802716340583609
"X4282_321.9822_12.45_neg",-0.0284773237898904,0.00970422064118722
"X4283_345.0539_3.80_neg",0.0286669512642678,-0.000809986034140248
"X43_325.0637_5.41_neg",-0.027569864959571,0.00302181394485818
"X4308_301.9725_5.65_neg",-0.0270238819981538,-0.0190567476647738
"X4317_199.0974_8.96_neg",-0.0355723146017441,0.0131521909203043
"X434_457.2397_9.28_neg",0.0449906025732484,0.00560622429335898
"X4340_619.2609_11.95_neg",-0.0218486605201232,-0.0549594186239611
"X435_411.2024_8.42_neg",0.0104067201739574,-0.0136124246163951
"X437_399.0933_5.84_neg",-0.0213686732081893,-0.0193464172748367
"X446_475.2198_10.87_neg",0.041027399501231,0.00388873464755654
"X448_607.1299_7.58_neg",0.0108889967369019,-0.0516699956053348
"X4481_409.0963_12.81_neg",-0.0300582939847622,0.0428528024309814
"X4487_447.2301_7.63_neg",0.0333204885759955,0.0243640754146684
"X451_575.2719_8.86_neg",-0.00990111951351724,-0.0663890386940167
"X452_547.1573_6.50_neg",0.00654795573819733,-0.00239895698390427
"X453_501.2603_12.76_neg",0.0242847557823928,0.0283595790276742
"X4545_256.9551_6.98_neg",-0.0257089703708599,-0.00271478651429777
"X458_1081.5241_12.03_neg",-0.0139441181419881,-0.0104251846351008
"X4595_459.2245_10.37_neg",-0.0401327249077818,-0.0106912240265547
"X464_467.1671_7.08_neg",-0.0115781839473448,0.0485421625007026
"X467_645.3127_9.13_neg",-0.0129305789929142,-0.0222414162430378
"X468_279.1086_3.70_neg",-0.0244911427799192,0.0179284635815042
"X47_431.1924_5.85_neg",-0.00888026138846224,-0.0165867725919132
"X474_507.2087_9.58_neg",-0.0130242797437278,0.00119586020035291
"X482_729.2618_6.25_neg",0.00825427393554226,0.0280220420981304
"X4866_479.2183_9.28_neg",-0.0215454924493836,-0.0593027576337832
"X487_339.0723_4.58_neg",0.0115306927794855,0.0535604885281732
"X488_415.1973_7.66_neg",-0.017503481115406,-0.00264763523930371
"X491_447.1303_11.24_neg",0.0298567093667621,-0.000222629930275988
"X496_333.1094_6.87_neg",-0.0178057153056887,0.0143891859726831
"X497_147.0630_3.05_neg",0.01391670554305,0.00503770615275773
"X499_535.1935_6.47_neg",0.00213419716157695,0.0299032392219117
"X5_431.0983_6.96_neg",-0.0427058439343746,0.00122724718708352
"X501_653.1738_7.57_neg",0.0211745198998064,-0.0458039938810813
"X503_759.2328_5.94_neg",-0.00443353449790869,-0.0271383534808622
"X505_431.1919_7.42_neg",-0.00297145010048561,0.0504161552652159
"X506_561.1980_8.37_neg",0.0326278617589999,0.0135525483078066
"X51_889.2051_6.83_neg",0.00811327192026474,0.00603644122431281
"X511_337.1504_4.50_neg",0.0415916715904057,0.0165804248754853
"X514_600.1940_5.70_neg",0.0328332712841841,0.00341753011949513
"X5162_433.2086_7.92_neg",-0.0269149421839615,0.00457562819893965
"X520_445.2412_12.02_neg",0.0337711151356673,-0.00151017285942401
"X527_605.1256_5.39_neg",0.0129096366082112,-0.0177708268102242
"X532_293.1243_4.98_neg",-0.0336120087500919,0.0331088398454954
"X5348_449.2753_10.05_neg",-0.0439569647831844,-0.0185218144817354
"X537_451.1249_6.66_neg",0.0115860809950014,0.0112071407830447
"X542_272.1618_2.32_neg",-0.00241363924667231,0.00375236263562761
"X545_423.1875_6.69_neg",0.0327893683041592,0.0027329041791333
"X546_299.0773_3.26_neg",-0.0311728217627373,-0.0470823713959973
"X547_292.0829_5.36_neg",-0.0298101647418192,0.0134554515568938
"X548_435.2200_5.27_neg",0.00445443002533757,0.0365265232193451
"X553_310.0934_4.44_neg",0.0357514884801288,0.0157066401503734
"X556_355.1028_6.42_neg",0.00244147842744245,-0.0174866538852119
"X558_587.2362_8.44_neg",-0.0114774399690034,-0.0437024891735051
"X56_859.1944_7.01_neg",0.00862033623126903,-0.0224677903544553
"X561_369.0826_5.25_neg",-0.0293838084074379,-0.0386069871795561
"X562_255.0522_4.49_neg",0.00581849475890878,0.00464242578377102
"X563_309.0685_6.55_neg",-0.00887095668676094,0.0516203089710425
"X565_581.2243_8.74_neg",-0.0219430236877128,-0.00880439300212146
"X5703_517.0960_8.18_neg",-0.0134208093279117,0.0580639450022725
"X5730_411.1661_9.30_neg",-0.0341751609514209,-0.0059467080165682
"X581_352.1039_5.48_neg",0.0402825896320541,0.00248024343748856
"X585_215.1337_5.13_neg",-0.0246690250417416,-0.0309143751149266
"X588_951.2788_7.07_neg",0.00252320116638427,-0.0371056234004227
"X5911_435.2203_5.67_neg",-0.00387890535840871,0.0180360118708122
"X593_635.0634_4.96_neg",-0.0293947860832472,-0.00561724349233056
"X594_431.0982_8.67_neg",-0.0382891129520616,0.014023349973833
"X598_447.2235_9.43_neg",-0.00730258851749709,0.0336543501346209
"X6021_559.1180_7.43_neg",-0.00592349727518528,0.00702637320386142
"X603_567.0402_7.07_neg",-0.0115598701596805,-0.0462344086017988
"X605_661.2727_10.69_neg",-0.0130670752743481,-0.054669022124619
"X6054_371.0953_5.39_neg",-0.013761819667723,-0.0113645906380035
"X612_249.1131_12.59_neg",-0.0409536741487398,0.0224325951701795
"X616_415.1969_7.56_neg",0.0189729415004772,0.0107142769562814
"X6166_567.2090_7.64_neg",-0.0208509796772082,0.00584324677810003
"X617_363.1661_7.73_neg",-0.0421878162773005,0.0261932521581078
"X622_366.1122_6.21_neg",-0.0226529327768117,0.0164208420520229
"X6229_387.1036_6.14_neg",-0.0441036729189295,0.0127813651098883
"X629_527.3224_12.38_neg",0.0392347167620378,0.0277012696021507
"X63_433.2083_6.33_neg",-0.0121890703382185,0.0253877477136357
"X632_292.0828_5.62_neg",-0.0320056403091964,0.0157154691097799
"X6357_455.2287_11.29_neg",-0.0170363743227867,-0.00910645462502613
"X636_461.1304_3.93_neg",-0.0351279017969266,-0.0288878268667896
"X6374_379.1938_7.64_neg",-0.0272767322181497,-0.00908150219178589
"X6408_298.9648_3.23_neg",-0.0255832022149518,0.00751722119328949
"X6409_377.0503_7.09_neg",-0.0292990256259899,-0.00617659555727051
"X6448_501.1098_9.13_neg",-0.00993694986918476,-0.00469376145624046
"X646_315.1087_5.42_neg",-0.00443569045186934,0.0314026615591958
"X649_441.2491_10.73_neg",0.029461874914344,-0.0124024681573863
"X6533_395.0041_8.00_neg",-0.0168008719312179,-0.0304382447178584
"X654_207.0634_8.05_neg",-0.0302493829413863,0.0125214218563318
"X66_925.5178_12.66_neg",-0.00540312847306487,-0.0329044463758707
"X6602_447.1226_8.33_neg",-0.02075385859626,-0.00745896470988359
"X661_1081.5238_12.22_neg",-0.00128482117619119,-0.00247865579827547
"X6619_609.3139_9.06_neg",-0.0113608949123058,0.0100131679004923
"X662_359.0986_4.16_neg",-0.00646745186306039,0.010390927808209
"X670_417.0836_8.03_neg",0.00702667696508535,-0.0160012809557612
"X673_435.1303_7.49_neg",-0.0234252244650671,-0.0231741685350543
"X679_1037.5332_13.06_neg",0.00756285946841054,-0.059927240158192
"X68_463.0886_7.09_neg",-0.0281106715178248,-0.0390432248390263
"X6822_461.0800_6.45_neg",0.00418182191071754,-0.00996209120496485
"X683_381.1766_5.87_neg",-0.0215569475059504,-0.00199982292823057
"X684_523.3487_9.56_neg",-0.010541649847277,0.0526822333598799
"X686_395.1923_6.75_neg",-0.0381949027028472,0.0247271037011003
"X6904_471.1928_8.83_neg",-0.0330516116097504,0.0199299479321717
"X696_161.0757_4.28_neg",-0.0183124332380318,0.0324964353368304
"X6974_762.0357_6.47_neg",-0.0245267651077782,-0.0384589952739724
"X7_279.0510_6.81_neg",0.00518118171402928,-0.00194063571671186
"X709_369.0826_5.92_neg",-0.0260403837860247,-0.0429618359012151
"X71_429.1768_7.47_neg",-0.0275354733016332,0.00069102870476004
"X710_535.0735_9.20_neg",-0.00444668608614717,-0.0456085443801452
"X711_697.2358_9.37_neg",0.0080044173791243,-0.0419404297909089
"X713_747.3458_11.04_neg",0.00395673003603076,-0.0557364063906834
"X7149_407.0976_7.32_neg",-0.0209130000679555,0.025085182937729
"X72_331.0665_3.24_neg",0.040100427976984,0.00945274801800182
"X722_623.1273_6.97_neg",-0.0157650518213182,-0.0416298104157324
"X7220_471.0867_10.48_neg",0.00111441770616922,0.0593347610450792
"X723_287.0559_8.23_neg",0.0447356159427372,-0.00772776640233071
"X725_201.1127_9.42_neg",-0.0413243218972867,0.0281955580254893
"X7286_595.2172_6.48_neg",0.0214547641470247,0.0552268065769347
"X7288_481.2055_8.27_neg",-0.00294266199490161,0.0500371580247794
"X7334_551.2711_7.14_neg",-0.0258451498482346,0.0150143206675653
"X74_309.0607_7.21_neg",0.0121659640298149,0.015100370215686
"X741_1213.6021_11.98_neg",-0.00196603827369021,-0.00706287617417646
"X743_311.1135_6.82_neg",0.00342475632986739,0.000240275477889543
"X75_463.2554_8.49_neg",0.0220286830593546,0.0055109016115515
"X750_635.3004_11.98_neg",-0.00855000804859973,-0.022451196880088
"X755_582.2804_8.49_neg",0.00186988307290595,-0.0222587533763551
"X756_367.1970_8.08_neg",-0.00828012504846166,-0.00462302636849196
"X757_471.0902_9.21_neg",-0.0079140845941298,0.051566031173065
"X7585_357.1152_3.07_neg",-0.0299568246467197,-0.00452515277209008
"X761_250.0722_2.97_neg",-0.022789763341202,-0.0479042406310945
"X77_593.1217_7.00_neg",-0.00667701903496822,-0.0509326945113713
"X785_620.1256_5.65_neg",0.00421181305540778,-0.0316183839748724
"X787_433.1135_7.90_neg",0.0394042918818055,-0.0152300361974019
"X791_521.1317_8.44_neg",0.027301052392841,-0.0106730704916459
"X795_405.2124_8.49_neg",0.0458876983086576,-0.0131794620351507
"X798_544.1245_4.04_neg",-0.0288532308484112,-0.0201093639417063
"X7985_488.8265_7.91_neg",-0.0326149403304474,0.0113771529655432
"X8072_667.0001_5.97_neg",0.00185605536691771,-0.00268962801485988
"X810_225.1133_6.36_neg",0.00248363200384971,0.0176289694657311
"X811_607.0944_4.95_neg",-0.0272550005896352,-0.0243440142827354
"X8133_146.9384_8.02_neg",-0.035001697805206,-0.00636938313574314
"X819_632.3046_9.32_neg",0.0119680428383967,-0.0348518959344064
"X824_337.1506_5.45_neg",-0.0343376842770396,-0.00543456277048615
"X825_327.1068_5.59_neg",-0.0265183255485596,0.015694229756907
"X826_567.2085_6.66_neg",0.0110792985818037,0.024195675040752
"X828_305.0880_3.74_neg",-0.0217568659226975,0.0161444312177166
"X83_309.1194_3.02_neg",-0.0163641185738097,0.0283321978816958
"X830_779.4591_12.92_neg",-0.0125503347835813,-0.0324474215108276
"X836_594.1105_5.07_neg",-0.00575908306522158,-0.0430405440406107
"X837_435.1285_8.24_neg",-0.00741526445751271,0.0109749711672748
"X838_361.1869_10.20_neg",0.0155263198499827,0.0364227640704143
"X839_161.0436_3.35_neg",-0.032648419216182,0.0026707804197349
"X84_533.0939_8.09_neg",0.0173115941878514,-0.00424595918806087
"X840_447.1890_10.49_neg",0.0349025955490617,0.0159868669945942
"X8425_433.1140_7.84_neg",0.0178571132099964,-0.0409238229608339
"X845_741.3278_10.92_neg",0.0292335215789855,-0.0414667704598706
"X847_129.0546_5.20_neg",-0.040602213906215,-0.00333368285973755
"X8481_461.0308_3.92_neg",-0.0351622904224798,0.00136128063890559
"X849_308.0787_5.78_neg",0.00825532563525969,0.0168278542443398
"X853_308.0786_5.48_neg",0.00486630471674172,0.0270771890305734
"X860_671.1488_3.60_neg",-0.0268385313170863,-0.0156857482170403
"X8602_281.1243_4.57_neg",0.0409795859166033,-0.0190828282501855
"X861_710.3268_11.12_neg",0.0307216187025079,-0.0204493872230372
"X863_341.0904_5.26_neg",-0.0231171623041959,-0.0217861336999219
"X8648_600.1129_5.83_neg",0.0184441124276406,0.0141785473930167
"X8705_363.2390_6.40_neg",0.034496021498334,0.0182347020538567
"X871_403.1607_6.20_neg",0.0231558329984527,0.0103070390446175
"X875_359.1000_6.16_neg",0.036061236924129,-0.0198908826484272
"X8777_517.1013_8.73_neg",0.0263986371241723,0.040732819271747
"X8780_551.2134_7.21_neg",0.0368225217915529,0.010616221636389
"X879_477.2339_8.78_neg",0.0040638094014425,0.0251490466591396
"X88_325.0930_5.10_neg",-0.0345426805843552,-0.0141781478463246
"X880_425.1853_5.82_neg",0.0145581894823534,0.0499076826330172
"X884_215.1284_10.69_neg",-0.042700491632221,0.0176826160062463
"X886_524.2042_9.12_neg",-0.0281472814925613,-0.00392874763636441
"X888_491.1441_6.12_neg",0.0250557707155127,-0.0338729162113938
"X8904_561.3240_8.34_neg",0.0446335203143332,0.0141283165308779
"X891_441.2464_10.91_neg",0.0373229024140985,0.0334353581615078
"X892_578.1103_5.32_neg",-0.0118795984150908,-0.0423971700770769
"X903_537.1979_6.15_neg",-0.000585117881089328,0.0132247716977505
"X905_563.2290_5.80_neg",-0.010405919827799,-0.0456691733840106
"X907_295.1093_3.18_neg",0.000110855996250861,-0.0138333074771049
"X908_355.1032_7.45_neg",0.000708240536896151,-0.034348867834576
"X9103_371.1347_6.32_neg",0.0200415984495166,0.0435275768494225
"X911_604.1342_4.97_neg",-0.0195114860032664,0.0100417126082216
"X915_220.0248_3.74_neg",0.000428173327358177,0.00156148319649654
"X919_206.0818_6.55_neg",-0.0437791415875097,0.0117279345219576
"X920_282.0845_2.74_neg",-0.0190876200400466,-0.0108199065668831
"X925_411.1888_6.11_neg",0.0169133934378757,0.0252646822507678
"X930_477.0713_6.32_neg",0.00752125343048224,-0.0192236657176954
"X933_451.2187_5.42_neg",0.00677255239897048,0.00831088325668252
"X936_545.1917_8.58_neg",0.0342859773236137,0.0186940213416326
"X937_401.1445_5.45_neg",-0.0203148755083898,0.00730924685773102
"X938_681.2414_7.48_neg",-0.0306473355567511,0.00936511372109629
"X9388_465.2699_7.84_neg",-0.0144849056626573,-0.0396646912313253
"X946_571.2379_9.06_neg",0.0371322030130433,0.0365014304689208
"X947_329.0878_2.86_neg",-0.0281122217562323,-0.00137325165714704
"X954_543.3164_11.22_neg",0.0440862183016675,0.0152064832743027
"X9540_221.0641_9.28_neg",0.0389260259966519,-0.00245692998422046
"X957_193.0498_8.37_neg",0.0119427529031943,0.0254606994638222
"X9584_625.2477_9.45_neg",-0.0214036219553792,-0.0252705297218301
"X960_415.1295_7.62_neg",0.0420448451366238,-0.0096416571086868
"X961_524.2045_8.95_neg",-0.027463358256726,-0.00258021613153322
"X964_447.1376_12.96_neg",-0.027213748246663,0.034817426350651
"X9640_423.0975_6.69_neg",-0.023580589586304,-0.0120069250068617
"X966_973.5018_9.90_neg",-0.00460082328668299,0.00573158159591739
"X967_160.0397_3.92_neg",-0.0127004787403663,0.0369660077269644
"X978_381.1305_2.96_neg",-0.0274921311267636,0.0372181922658084
"X981_839.3361_7.43_neg",-0.0123699152100102,0.00472268450133459
"X982_589.2487_8.05_neg",-0.00145634955660657,-0.024535621015452
"X983_367.1402_9.28_neg",0.0376963081644347,0.0203109983776717
"X986_1087.5707_10.11_neg",0.0137497321781628,-0.0249737834252737
"X993_697.2378_9.01_neg",0.00588622308787207,-0.0435035922048211
"X997_493.1408_10.84_neg",0.0380958071696153,0.000916038086148979
"X9995_393.0782_6.36_neg",-0.0187863127456489,0.0085818146750598
"X10019_285.1678_8.62_pos",0.0368151174139504,-0.00466437033975437
"X1002_370.2952_11.39_pos",-0.0446481860875362,0.0115926375689102
"X10030_777.4422_9.91_pos",-0.00311190582368618,-0.0217943787177679
"X10048_667.1538_7.39_pos",0.00628633507469482,-0.0214931675662517
"X10057_344.1474_9.13_pos",0.0227211273750955,-0.0174934297701162
"X1008_305.9835_4.96_pos",-0.0273471691398135,0.00107541705149642
"X10081_285.1625_8.31_pos",0.025764540112032,-0.0246012837153954
"X10108_255.0643_9.07_pos",0.0283404706965206,-0.0016026728246882
"X10117_345.2240_7.47_pos",0.0377850999443386,-0.00949562803774502
"X1013_397.2211_7.48_pos",-0.00442859795123327,0.00806043141279563
"X10151_365.1674_7.39_pos",-0.000893140854108113,0.000126605994025627
"X10153_339.1516_9.28_pos",0.00719878005980207,-0.0110630783534242
"X1018_358.1472_5.30_pos",-0.0380042643452451,0.0251983923516533
"X10213_465.1044_8.24_pos",-0.0266997077434214,-0.0414089908235665
"X10223_623.1891_7.76_pos",0.0130941466707332,-0.0601786478454061
"X1025_620.3487_9.18_pos",-0.0363431186936566,0.0226150517509939
"X1031_369.1520_7.42_pos",-0.0102917177826118,-0.0270565701377406
"X10314_492.1371_8.59_pos",0.0350007099916329,0.0114153025871572
"X10320_365.2536_7.36_pos",0.0245748940915253,-0.0108579912970064
"X1036_105.0676_3.81_pos",-0.00686380343105556,0.0251768986538665
"X10413_377.0906_5.84_pos",-0.0166445229852248,-0.0293153103245623
"X10444_446.0410_7.99_pos",0.00414584703953011,-0.00695189298253997
"X10492_533.2020_7.12_pos",0.0442693520492354,0.00345266012105463
"X1054_539.2831_9.30_pos",0.00395620237777351,0.0454624293729972
"X1059_467.1892_4.81_pos",-0.0240881571799417,-0.0409803626369974
"X106_418.1627_4.17_pos",-0.0437860885518214,-0.00212054549132535
"X10618_314.1314_9.11_pos",0.00471767493875243,-0.0280015058470138
"X10622_457.1153_8.43_pos",0.015877052003762,-0.0139073381018816
"X10624_421.1589_5.09_pos",0.0147485760834121,-0.0261140612690775
"X10641_363.1039_7.34_pos",-0.013471025548701,-0.0321237211568288
"X1069_399.0633_3.75_pos",-0.0298603918074115,0.007314031032644
"X10695_361.1191_3.58_pos",0.029313163372574,0.00046051288356448
"X10753_352.1217_7.87_pos",0.042085794948267,-0.0204838380877014
"X108_439.1577_5.19_pos",0.0236343487276803,-0.00474188737499622
"X10864_490.7691_7.08_pos",0.00366667770280868,0.0266490768134524
"X10868_411.1982_5.95_pos",0.00974077322198985,0.0168454551185244
"X1087_353.0711_4.46_pos",-0.0339372306784225,-0.00505771550216177
"X1090_156.0586_3.77_pos",-0.0238131132998742,0.0213808115756215
"X1091_137.1305_9.44_pos",-0.0294467732970412,-0.00147876643087002
"X1100_247.1110_4.98_pos",-0.0122921595558897,-0.0248644721881682
"X11087_409.1747_7.74_pos",0.0304094161952602,0.0257571438436426
"X1116_271.1644_6.97_pos",-0.0247943090935809,0.0404398560407971
"X1118_530.1919_4.46_pos",-0.038054352079752,-0.00292970903220981
"X11194_462.1963_4.75_pos",-0.0195091522314557,-0.0232638412792795
"X1130_279.1355_5.83_pos",-0.00672997387101639,0.0311463380577755
"X11325_469.1715_10.02_pos",0.00191925110860033,0.0444198477542358
"X11369_606.1459_5.59_pos",-0.00831471450891358,-0.0431241118853205
"X114_302.3053_13.07_pos",-0.0451440221921477,0.00900144652716926
"X1140_420.1854_5.46_pos",-0.00101595607389914,-0.00647966720395052
"X1150_367.1373_4.73_pos",-0.0312094565688702,0.0256223772385839
"X11573_439.2283_8.55_pos",0.0336505708179277,-0.0224995926866262
"X1171_553.2988_12.65_pos",-0.00658356890850986,-0.00868917883153308
"X1172_321.1443_6.71_pos",-0.0136992827156075,0.0225668170169785
"X1178_395.2047_9.74_pos",-0.0217605059905627,-0.0128822829307169
"X1181_318.1956_7.56_pos",-0.0317652093719216,0.00528284308010569
"X1184_839.3345_8.06_pos",-0.0200032134142939,0.0202515491778082
"X1190_317.1172_3.25_pos",0.0354903724123977,0.0155868024919292
"X11912_399.1419_7.14_pos",0.023807931611957,-0.0306477027563673
"X11913_550.1201_7.21_pos",0.00199800851286989,-0.0217704333761426
"X11922_411.1952_7.92_pos",0.0224213836848004,0.0141269739263225
"X11931_559.1663_7.62_pos",-0.00571823889641121,-0.0285608089376386
"X11938_411.1988_6.65_pos",0.0295290141409822,0.0274810809740197
"X12010_457.2371_7.30_pos",0.0341730468200509,0.0291888442284199
"X1213_384.0946_4.43_pos",0.0209097085733004,0.0242465133351387
"X12175_395.0599_3.44_pos",-0.00475363431020324,-0.0089138555254827
"X1218_405.1733_6.03_pos",-0.00208102625472201,0.011078652116442
"X1225_345.1500_4.28_pos",-0.0120137502319787,0.0196068155973124
"X12340_283.1748_4.87_pos",-0.0325283618741692,0.0083548705703487
"X1237_216.1211_8.03_pos",-0.0356423999752791,-0.0157046815475565
"X1241_342.2640_9.51_pos",-0.0446915562720854,0.0103742182018175
"X12438_327.2535_11.22_pos",0.040733137466726,-0.0220849655159544
"X1250_289.1533_9.76_pos",-0.0212461140215095,0.0449346633565354
"X12553_361.1464_5.10_pos",0.0344899467287299,0.0247957417403391
"X12583_347.1664_4.01_pos",0.0333568289035573,0.00850557629461338
"X1270_190.0499_4.71_pos",0.013607104897457,-0.00253192316386197
"X1279_181.1222_8.36_pos",0.0172840111376742,0.0473687903407202
"X1304_385.1813_6.40_pos",0.0315743744323822,0.000827170982913101
"X1315_152.1071_4.26_pos",-0.0450853336834972,-0.00772937737329531
"X1330_315.1051_3.21_pos",0.0175446342185005,0.0167509948062717
"X1355_434.1228_3.25_pos",-0.02518258998849,0.0148452555948475
"X1362_543.1975_5.10_pos",-0.00977076051636194,-0.0322837917887225
"X13642_413.2092_7.62_pos",-0.00367156472384488,-0.0170417642961462
"X1390_577.2048_7.92_pos",0.00918132199026792,-0.038407744167577
"X1392_266.1389_5.00_pos",-0.0322123311983646,-0.00439004049480776
"X13934_345.5715_6.59_pos",-0.0113775996061124,-0.0430831486786102
"X1397_225.1488_6.64_pos",-0.0310024035950089,0.0212846593277699
"X13986_753.3299_12.91_pos",0.0133299820652365,-0.0556657104891761
"X14092_229.1497_5.08_pos",0.00782028364411748,-0.0243952223160646
"X14102_423.1264_6.65_pos",-0.009572951081261,0.0152657953668598
"X1414_219.1025_7.47_pos",0.0353443911866992,0.012413336632241
"X14272_146.1152_4.25_pos",-0.0270447127499231,-0.00639130505949337
"X1430_193.0694_2.41_pos",-0.0396293375260703,-0.0223185233130434
"X1432_331.1545_7.02_pos",0.0218530683061634,-0.0179108798753059
"X14409_465.2816_10.15_pos",0.0335196282837236,0.0214779673318944
"X1442_363.0688_2.50_pos",-0.0221491051769593,-0.00906741321495704
"X14502_270.1511_9.12_pos",0.00798982482181853,0.00915090195365818
"X1453_343.3331_13.42_pos",-0.041339107446782,0.0140268594347338
"X14546_504.2812_9.40_pos",0.0438840224492822,-0.00041757196018839
"X14596_581.1896_9.45_pos",0.015385523627414,-0.0191037582759437
"X1474_342.1159_3.26_pos",-0.0173725397990909,0.0353651702761821
"X1478_433.1677_4.17_pos",0.038358853044525,-0.0192003890883096
"X14788_289.2513_10.04_pos",-0.00052814563332631,0.0540733266673801
"X1479_186.1125_3.25_pos",-0.036774842694242,0.026315504132415
"X14794_611.3040_9.45_pos",0.0430900230949305,0.018827147119058
"X1482_171.0991_5.56_pos",-0.0415320880208559,0.0137891473559757
"X1488_545.3298_9.41_pos",0.0166582642158224,0.0369329129618153
"X1498_251.0477_4.84_pos",-0.0290171721317088,-0.0117362763995078
"X15003_433.1620_4.30_pos",0.0291939839078987,-0.0160420827427593
"X15038_247.1292_7.30_pos",-0.00779446663738578,0.00104861859314674
"X15039_350.2168_6.51_pos",0.0399689679714226,-0.0192548820659989
"X1510_568.3090_5.87_pos",-0.0128031088905325,-0.0269461348722602
"X1512_491.1636_7.08_pos",-0.0151676434253523,0.0106960369983234
"X1514_307.1152_6.48_pos",0.0113237968454186,0.0208004884796064
"X1523_369.1876_12.91_pos",-0.0303692479609191,-0.00711604993531829
"X15280_521.1235_8.63_pos",0.0385176086288053,0.0127082778914236
"X1530_528.2776_5.84_pos",0.00506505894027565,0.042291309809383
"X1536_395.2035_9.43_pos",-0.0376749184083054,-0.0047011999096569
"X1540_313.0797_4.84_pos",-0.0314507746914793,-0.0110089354976606
"X15559_591.3267_7.45_pos",0.0283485450363244,0.0381358525334847
"X15583_453.1739_8.32_pos",0.0249154981988427,0.0310032537017613
"X15596_621.3339_7.21_pos",0.0378443725830426,0.0201691268487316
"X15613_572.2821_7.13_pos",0.0211162473386844,0.0446697691170982
"X1566_357.1883_13.12_pos",-0.0309475160711594,0.0227622266835634
"X1568_525.3618_9.06_pos",-0.00897951555773558,0.052492153856127
"X1573_381.1173_6.32_pos",0.0252880272699747,-0.00318080277338337
"X1584_545.3300_8.86_pos",0.0126316217974616,0.0172725742060716
"X1585_229.5995_4.41_pos",-0.00641600314859389,0.0408242152011655
"X1588_288.1917_4.25_pos",0.00559429657470706,0.00443656433482878
"X159_518.3242_13.45_pos",-0.0435341144841168,-0.00871876691812245
"X1590_554.1506_5.33_pos",0.0111474021520351,0.00504334793638678
"X15966_473.2725_8.29_pos",0.0183431062381782,0.0181879535399635
"X1599_337.0923_5.96_pos",0.00167515734263422,-0.0353190052650114
"X16012_337.0826_5.44_pos",0.039294017123468,-0.0244140632639152
"X1617_771.2834_8.29_pos",0.0306655818463704,0.00105328345614268
"X16185_243.0480_3.05_pos",-0.0075738572395443,0.021732779326653
"X1624_395.2040_7.39_pos",-0.0282485120867915,0.000939662017493185
"X16252_491.2491_6.80_pos",0.0422751992658652,-0.0186881841167089
"X16267_269.2227_12.19_pos",0.0431552463025891,0.00409431259949204
"X16352_863.3317_7.43_pos",0.0146865276720295,0.0054862073127376
"X1642_191.1642_10.95_pos",-0.0422634788451827,0.00756437663018456
"X16495_537.2635_9.16_pos",0.0320349915038876,0.0119770909427776
"X1651_327.0697_2.68_pos",-0.0403975840447041,0.0202161565538445
"X1663_355.1500_3.93_pos",0.00598887819097767,0.0101331166141328
"X1664_377.1452_5.80_pos",-0.0273235692761109,0.0443692892900659
"X1677_433.1836_12.83_pos",-0.0428164204295863,0.0216628789412499
"X1692_146.1158_4.25_pos",-0.0387857972692068,-0.00481539824601324
"X1698_324.1073_5.75_pos",-0.00243362106638614,0.0390960634799383
"X17165_411.1963_7.37_pos",0.0233211026716909,0.0384764866575022
"X17186_427.1882_4.36_pos",0.0265395390506405,0.0429230528438893
"X1724_331.1733_7.36_pos",-0.0366634480236064,-0.00258740598304564
"X17243_573.2457_5.03_pos",0.0202746122494828,6.03376276763999e-05
"X1726_163.1145_6.46_pos",0.0198689548868147,0.0369062852261927
"X1738_421.1504_5.87_pos",-0.0106880984722643,-0.00697368695961275
"X1745_236.1349_4.50_pos",0.025909953223017,-0.023923877915995
"X1758_585.2869_8.69_pos",0.0180154218612974,-0.000160658349403394
"X17591_363.1618_4.19_pos",0.0185028972910508,0.0272739844560812
"X17722_242.0978_3.63_pos",-0.0126290335804887,-0.0233323458274035
"X1778_100.1124_2.92_pos",-0.0402243677790309,-0.0110351920644809
"X17799_367.2092_8.70_pos",0.0442348769284512,-0.00686428061016491
"X1790_342.1160_3.62_pos",-0.0310076927904318,-0.0236522588954554
"X17956_633.3080_7.42_pos",0.0307804556765416,-0.00489627546283943
"X18_274.2740_12.41_pos",-0.0450348455674999,0.0108698365456368
"X1800_255.1567_10.11_pos",-0.0394195142099503,0.00732278577510363
"X1812_359.1385_4.43_pos",-0.00994990467780966,0.0182932026957837
"X1814_393.1892_7.98_pos",0.0242302247548639,-0.0201126283455574
"X18177_543.2367_6.97_pos",0.0280590508679555,-0.00195486686029301
"X182_564.3589_7.07_pos",-0.0340628756907115,0.0040471915804528
"X1834_291.1735_5.64_pos",-0.0232988544504601,-0.00783687777503891
"X1837_257.1478_5.81_pos",-0.0274764383891682,0.0193232913750396
"X1841_270.3155_13.25_pos",-0.0404429109330493,0.00210804313037565
"X1842_415.2315_7.84_pos",0.0315596946528971,0.0303379706429952
"X1847_465.1732_5.80_pos",0.02874346847835,-0.0068924108323735
"X1875_400.2178_6.03_pos",-0.0151149612277617,0.0218403664657777
"X18769_474.2319_11.10_pos",-0.00275184481462758,0.00482868364121414
"X1878_330.0897_4.09_pos",-0.0250551371987798,-0.0136439800854157
"X18828_196.1301_4.42_pos",-0.0304554103787658,-0.00708697462171844
"X18871_577.2048_7.98_pos",0.00454494032996995,-0.0661773381329237
"X1888_272.1119_5.57_pos",-0.0442104827872383,-0.00619287345471994
"X1900_416.2491_6.82_pos",-0.0400563992076102,0.000638983217660881
"X1910_455.1893_10.10_pos",0.0247295758056744,-0.00221607187319214
"X1929_353.0613_6.17_pos",0.0123201607981377,-0.024370872247017
"X1933_499.1811_5.95_pos",-0.00171076291785319,0.0103792639635197
"X19362_563.0343_7.08_pos",-0.00960677641338394,-0.0390866444234151
"X1937_340.2595_5.79_pos",-0.0438155412202672,0.0152146914618117
"X1960_251.1263_5.89_pos",-0.0176615899084972,-0.00943086413001545
"X1961_197.0866_4.17_pos",-0.0306225509797718,-0.019589268820525
"X1983_193.1584_7.29_pos",-0.00560276461488621,-0.00032815617796935
"X1984_607.2246_7.97_pos",0.0226717996001919,-0.0228014277348003
"X19941_617.2712_7.93_pos",0.0369336433174952,-0.0242622428319338
"X2_433.1132_6.96_pos",-0.0398499141914788,0.0307928352333273
"X2003_407.1498_6.08_pos",-0.0203282372558072,0.049208338125706
"X2013_155.1067_9.72_pos",-0.0443574550957177,0.0117313074116254
"X20527_1081.2057_7.02_pos",-0.0106748011324941,-0.0489530939221134
"X20552_523.2911_9.90_pos",0.0459584286080276,0.0108675361440323
"X2058_269.1741_9.67_pos",-0.0306469540109871,-0.0249924241155793
"X20656_1023.5528_13.34_pos",0.00263454277028444,-0.00704840686949288
"X208_185.1148_7.79_pos",-0.0429787171243941,0.0165650462792392
"X209_432.2806_6.17_pos",-0.0399814531532123,0.00529600674599056
"X2096_526.2186_8.00_pos",-0.00681889770247998,0.00481684646882316
"X20972_476.1985_6.83_pos",0.00761132061996122,-0.0136140987195346
"X21_385.1490_7.28_pos",-0.0394008247234855,0.0297019065006731
"X2100_409.0905_7.76_pos",0.0347993843137284,0.0318003952804889
"X2106_372.2229_6.42_pos",-0.0372645795264686,0.000192670011848634
"X21156_384.1686_4.64_pos",-0.018645176576664,-0.0472290270606245
"X2134_205.1435_11.39_pos",-0.0231503104128343,0.0265154382333983
"X214_282.1540_8.82_pos",-0.029609002373173,0.016872689977586
"X2150_249.1574_4.87_pos",-0.0327309244855216,0.0299423942578848
"X2154_440.2493_6.40_pos",0.0326211309753882,-0.0186932043203802
"X2164_433.1133_8.10_pos",-0.043541959826161,0.0216241854806478
"X2167_455.1918_9.76_pos",0.0393776278681359,0.00533595085259588
"X21695_551.1078_7.81_pos",-0.000854292487828441,0.0209575261497065
"X2174_172.1693_12.30_pos",-0.0355139692251057,0.00156504057775537
"X2212_439.1577_11.38_pos",-0.0254621531933446,0.00143218589525825
"X2219_337.1020_5.10_pos",0.0434294434910523,-0.00292808699143843
"X2231_1261.5852_9.76_pos",0.0118365018201452,-0.0184211224905712
"X2239_439.1581_5.43_pos",0.0203419922506653,0.0217076711790148
"X2241_365.1178_4.76_pos",0.036765572334864,0.0140162516894571
"X22484_491.0829_4.83_pos",-0.00804379671650229,-0.0370554972843733
"X2256_192.1003_4.38_pos",-0.024766823143533,-0.000778437892675875
"X2269_446.2598_6.28_pos",-0.0320089573908573,-0.00789815162957945
"X22703_234.5830_5.70_pos",-0.00487650542503457,0.0316561271172075
"X22718_365.0690_5.10_pos",-0.0225967070154648,-0.0395461206110407
"X22749_316.1362_2.99_pos",0.0354099069032154,0.0109225038608308
"X2299_314.1816_3.25_pos",-0.0375132923032465,-0.00695003277876476
"X2337_237.0885_3.37_pos",0.0428372852672297,-0.0246265170737592
"X234_174.0760_3.77_pos",-0.0357187531209684,-0.000106899080187662
"X2346_561.1946_6.26_pos",0.0339893259877344,0.00724358393546541
"X23480_477.1070_8.10_pos",0.0138064863688035,0.019999113530734
"X2354_367.1501_3.57_pos",-0.0296254618748324,0.0050523236572847
"X236_180.1026_4.92_pos",-0.0401831719257446,-0.00707610265099122
"X2363_359.1701_5.99_pos",0.0157548809926591,0.0226635422444719
"X2364_181.1223_9.36_pos",0.0272366398657157,0.0505936970672467
"X2369_355.1494_3.74_pos",0.00888636212056758,0.0130189310096138
"X2379_395.2004_8.29_pos",-0.00895011127836693,-0.00732937359769787
"X23900_397.9960_7.04_pos",-0.0151947782487095,-0.049367988511326
"X2401_479.1778_6.22_pos",-0.0244510230266373,0.0120385828540801
"X2406_659.2714_8.75_pos",-0.00909807070812024,-0.0327521828124379
"X2413_563.3395_7.46_pos",0.029578678813642,0.0251714481503756
"X2416_183.0785_8.40_pos",-0.0397393771640571,0.00183403836054248
"X2419_367.1491_4.19_pos",-0.0316137533470184,-0.0249480655240517
"X2422_773.2137_6.03_pos",0.0128052773190523,0.00595400833382012
"X2428_400.1464_2.92_pos",-0.0168374025611793,-0.0315690920862719
"X2432_335.1575_8.26_pos",-0.0226568602257331,-0.0109097459186806
"X2435_409.1834_6.55_pos",0.0256663022729197,0.0307192494660734
"X24460_279.0971_4.36_pos",-0.0229842713690694,0.0192067639527122
"X2447_161.0962_8.06_pos",-0.0347257535071531,-0.0139470617478346
"X2449_477.2463_9.24_pos",0.0121436773027739,0.0101922640393352
"X2461_369.1656_4.90_pos",0.0050757902400512,-0.0248090638562504
"X248_371.1680_6.61_pos",0.0295846741480618,0.0174119985243557
"X2483_290.2332_11.66_pos",-0.0390068231783047,0.00893870624937937
"X249_219.1025_7.02_pos",-0.030764780146948,0.0205151316791944
"X250_567.1336_7.02_pos",-0.0260902494308883,-0.0197248725805358
"X25022_314.0876_6.07_pos",0.00178944976125875,-0.000134789554708536
"X2509_563.1893_6.63_pos",0.0180065163263853,-0.00297616654721276
"X2514_277.1044_5.70_pos",-0.00679167660035301,-0.0169878375448005
"X253_493.1311_10.37_pos",-0.0435758574861066,0.0159665671274642
"X25351_415.2247_7.42_pos",0.0385017712496282,0.0111677915580212
"X2546_459.1629_7.94_pos",0.0205269926116787,0.0048604354017974
"X25467_1107.1691_12.94_pos",-0.00517512470156088,-0.0309039432472265
"X25493_425.0836_5.65_pos",0.0215758858937852,-0.00974749485316002
"X2554_122.0632_6.25_pos",-0.0424326034256885,0.00773819191827836
"X2573_299.1416_4.08_pos",0.0116567721313209,0.0385787942113744
"X2589_401.0716_3.16_pos",0.00471237120895635,-0.0141062615671444
"X26_353.2686_13.36_pos",-0.0390402079807734,-0.000568839063934942
"X2617_162.0521_3.99_pos",0.0385047722883775,-0.0079730237935771
"X26174_543.3142_8.26_pos",0.0400631135063225,0.000819701869223229
"X26552_290.1636_4.00_pos",0.0198739524992186,0.0222527172086413
"X2658_410.1487_7.93_pos",-0.0264907716823441,-0.0223967489036378
"X26673_241.1527_2.42_pos",-0.0304582233199544,-0.0189291779807578
"X2709_526.2189_7.79_pos",-0.00480885736042268,-0.0209629913652199
"X2714_337.1023_4.82_pos",0.039171281898162,-0.0124966624294104
"X2726_477.1730_5.65_pos",0.00601954793936235,0.00765423263849176
"X27318_399.1672_6.03_pos",0.0103371215091763,0.0273369654972034
"X27330_450.2744_8.65_pos",-0.0290644536303413,0.013802807954276
"X2757_199.1317_8.95_pos",-0.023928377427405,-0.00462011445926393
"X277_322.1066_4.06_pos",-0.0447019318783371,0.00474943576575807
"X2847_290.1205_4.42_pos",-0.0252236448753454,0.015542682875168
"X2857_373.1796_6.29_pos",0.0371394012452464,-0.008950800313376
"X2872_311.1851_12.67_pos",-0.0309978836783887,0.0318209866631664
"X28858_514.1445_6.77_pos",0.00810173807697823,-0.00196084084819364
"X2889_423.2347_10.38_pos",0.030674575522879,0.0225948044215436
"X2898_365.1182_5.09_pos",0.0223045967244628,0.0459996278548937
"X2906_473.1899_9.76_pos",0.0185979890260051,0.0352713017565165
"X2909_523.3472_9.90_pos",-0.00541094888835461,0.0221749791967096
"X2913_392.1470_3.62_pos",-0.0272945291312825,-0.0278307778170727
"X29489_400.7528_13.14_pos",-0.0320911701055478,0.00634714140211792
"X29556_273.0922_2.60_pos",0.0275416341201924,0.00475678355706545
"X2965_399.1629_9.62_pos",-0.00593675535809857,0.0195917521292059
"X29677_261.1309_4.31_pos",-0.0403419159572758,0.0174549029666897
"X29709_346.1423_5.39_pos",0.0411993378563253,-0.0109601086806316
"X3010_436.1232_6.15_pos",-0.0239740626580674,0.0204846059933114
"X3014_163.1164_7.60_pos",0.00366673894986996,0.0298183524017409
"X303_371.3269_13.30_pos",-0.0438840309448284,0.0165652716702336
"X3036_483.2219_8.01_pos",0.023695238969744,0.0395487588117568
"X304_525.2884_6.80_pos",-0.0352136958577658,0.00577573822607713
"X3048_409.1476_8.44_pos",-0.0189446932483357,0.0184352544145978
"X30492_283.0788_3.75_pos",-0.0313304782744056,0.0203795761711221
"X3073_384.1289_7.69_pos",0.0382927552164059,0.00260374781762209
"X3076_425.1745_4.83_pos",0.0164573386209812,-0.0195836886412039
"X3088_393.1224_5.89_pos",-0.0233840488015836,0.00680003524986779
"X3093_544.2075_4.75_pos",-0.0289690196963442,0.00232691165010407
"X3099_511.0335_2.67_pos",-0.0110080419826103,-0.0181205160755235
"X3107_427.1594_7.00_pos",0.0346036126501298,0.0270731364156513
"X3125_391.1366_9.02_pos",0.0241349009513082,-0.00474031393053575
"X3128_396.2588_4.95_pos",0.0193979709746621,0.00692227035799152
"X315_373.1826_4.95_pos",0.00620080671931962,-0.00376185244739183
"X3153_523.2367_6.80_pos",-0.00274840828720196,-0.00992094839958695
"X3164_372.1268_4.57_pos",-0.0280196525882864,0.0268591105162828
"X3173_480.1287_3.40_pos",0.00249640152692496,-0.0178708190561549
"X3205_477.1373_9.84_pos",0.035753301349558,0.00616178605879105
"X3208_543.1845_7.88_pos",0.00785426881225854,0.00334329888463632
"X3245_453.3437_6.72_pos",-0.043633566672618,0.0140743161107565
"X3250_350.1344_7.55_pos",-0.0369562511147391,0.0263050372166906
"X3251_509.2565_7.49_pos",-0.03697755568791,-0.00454065936219557
"X326_391.1504_6.90_pos",-0.0329479204204866,0.0333507115680439
"X3275_477.2377_9.83_pos",-0.0203125096398729,-0.0261607430911759
"X328_243.0475_3.06_pos",-0.0147740230735175,0.0188530095270205
"X3292_429.2098_5.63_pos",0.0354286544601669,0.00627999660285517
"X3319_591.2059_6.79_pos",0.0387536411988559,0.00600047299690721
"X3327_181.1226_12.21_pos",-0.0348507232585053,-0.00452378854616167
"X3337_344.1912_4.02_pos",0.0137097591188719,0.0357727406218822
"X3386_177.1570_7.32_pos",-0.0167218291637763,0.00234833561239452
"X3391_370.1116_3.58_pos",-0.0244811768013145,0.00949113346535495
"X3412_375.2379_7.83_pos",0.0187745204544085,0.038385978537708
"X345_547.3445_9.56_pos",0.0168381346579559,0.0511849907622454
"X3455_519.1984_6.17_pos",0.00399239953229051,0.00900304942821449
"X3462_561.1754_7.64_pos",-0.000524869487800931,0.00501511885493014
"X347_374.1457_6.82_pos",-0.000753946023874261,-0.0138492318364367
"X3472_429.2115_5.05_pos",0.0223971337891734,0.0317458106449891
"X357_250.1089_8.38_pos",-0.0251083931700657,-0.0173810022446981
"X3576_553.2833_7.78_pos",-0.0333336953023358,0.00277096231360134
"X3585_193.0425_5.16_pos",0.00813116470283876,0.0306251742466076
"X3609_289.0868_2.85_pos",0.0358924557600364,-0.00723981257476356
"X3632_292.1838_7.70_pos",0.0265053956356612,-0.0120562141096545
"X3634_365.1207_5.63_pos",0.0279902692512105,0.000512343314261491
"X364_265.1417_5.95_pos",-0.0299598201063639,-0.0281428236407269
"X365_255.2193_8.87_pos",-0.0433367264182522,0.0170548646638584
"X3661_492.1276_4.59_pos",-0.0158298815191646,0.000615899010745789
"X367_233.1208_2.34_pos",-0.0195682169196588,-0.0344111758358222
"X369_357.1156_6.72_pos",-0.0122347494985658,0.0224618967668858
"X3714_317.2434_10.61_pos",-0.0385339921097077,0.00906971842012911
"X372_487.2085_6.46_pos",-0.012923584729264,0.0275711598923313
"X373_391.1497_7.06_pos",-0.0369878405106358,0.0175982585552823
"X3734_448.1027_3.93_pos",0.0111875963605465,-0.0187286780179577
"X375_124.0396_2.93_pos",-0.0246538251872885,0.0474953006767319
"X378_318.2639_12.70_pos",-0.0416580825426977,0.0122941876822384
"X3780_333.1517_4.89_pos",0.0183790984588546,0.0363900964177682
"X380_309.0973_4.72_pos",-0.01828202138484,-0.00871538278928396
"X3815_229.0722_5.39_pos",-0.0322065734213795,0.0183457718392076
"X383_243.0473_5.14_pos",-0.00195428425905824,0.0377043670974974
"X3856_261.1098_11.59_pos",-0.0441024819791027,0.00735491724502084
"X3864_310.1500_3.77_pos",0.0414375348794447,0.0014535208872803
"X3876_475.2475_5.51_pos",0.0388571143123009,0.00484694148869038
"X3898_384.0937_3.34_pos",0.0280453344445348,0.000895007698653522
"X3905_359.1704_6.20_pos",0.0115808797666287,0.0183336634265622
"X3932_251.1618_8.99_pos",-0.0392253955693593,0.00392968445529587
"X4001_717.2747_8.00_pos",0.00589034138149111,-0.0157437915259351
"X402_259.0408_3.83_pos",-0.0128736548251333,0.0379308622776857
"X4075_269.1797_10.03_pos",-0.0368997613653207,-0.0118850759495918
"X41_298.0969_4.33_pos",-0.0449048368586321,-0.0167105395873434
"X4104_238.1414_8.83_pos",-0.00179806579237798,0.00139670335180563
"X412_146.1170_2.11_pos",-0.0377058378124002,0.0257676457971772
"X413_481.2622_6.50_pos",-0.0380982364768185,0.00573359182039266
"X4132_473.1083_8.28_pos",0.0155727139440935,0.0279844191946076
"X4135_395.1314_5.07_pos",0.0450473418635134,-0.00190407850306898
"X4148_399.1262_3.07_pos",0.0160619038759532,-0.0161493417318116
"X4167_445.1691_7.21_pos",-0.00331093954676231,0.010567633174522
"X4169_540.2739_11.42_pos",-0.0315470741887783,-0.00596366653055548
"X4227_476.2476_7.94_pos",0.0266813366809361,0.0121833375461395
"X4273_399.1423_7.27_pos",0.017500252622843,-0.0476908663208262
"X4293_471.2572_8.69_pos",0.000477227983484722,-0.00753755432099068
"X4302_471.2175_7.20_pos",0.0285659064980274,0.024768833465383
"X4322_412.1240_3.62_pos",-0.0278705968106339,-0.00046333933140993
"X4362_311.1162_7.96_pos",-0.00812610449017545,0.00197626203751024
"X4373_325.1361_3.13_pos",0.00263090653700233,0.0369933401402667
"X4431_291.1888_10.55_pos",0.0400911808363417,-0.0137728296960053
"X444_259.0430_3.72_pos",0.0136996673516792,0.0181374777219061
"X4454_389.1515_8.29_pos",0.0390974750385025,-0.00150756193084028
"X446_319.1365_3.86_pos",-0.0347575899328779,0.0291841169168576
"X452_476.1231_8.03_pos",0.00487063876079804,0.0587689521023884
"X453_347.1659_6.69_pos",-0.00578286147882787,0.0548190015772003
"X4652_291.1664_8.37_pos",-0.017007675775524,0.00726378969279878
"X4700_436.1676_5.88_pos",-0.0313237205420126,0.0164598135444817
"X4714_923.4998_13.18_pos",0.000138475088200986,-0.0559687720208005
"X476_441.1807_8.51_pos",0.0231300708287187,0.039270386449146
"X4805_131.5337_7.65_pos",-0.0352510344835012,0.0142102334983439
"X4821_627.1560_6.07_pos",-0.0285858315687917,-0.0354890869375417
"X4824_572.2456_12.14_pos",-0.0198079539400336,-0.0248588691098571
"X4837_121.0651_2.13_pos",0.0247992140725933,-0.0260820836184859
"X4850_514.6573_4.07_pos",-0.0321206931339333,-0.0342524264614904
"X4860_827.4035_12.93_pos",-0.0324091257797792,-0.0220952257365468
"X490_311.1858_13.24_pos",-0.0355242490660516,0.0306090002263932
"X4900_941.5092_12.85_pos",-0.0036039509869536,-0.0522985456677047
"X492_420.1851_5.62_pos",-0.0186502627484736,-0.0014677178909455
"X493_272.2583_11.53_pos",-0.040522016738093,0.0245373855468317
"X4947_285.5804_2.49_pos",-0.0316271481343602,-0.0265877957904398
"X4952_336.1251_2.78_pos",-0.0198426648170547,-0.0153286656323417
"X4957_273.0932_2.42_pos",0.0051725803522073,0.0397503173121587
"X5000_157.0835_3.68_pos",-0.0408383033119082,0.00570041708837723
"X5007_643.2758_12.24_pos",-0.018249102876647,-0.0382642087473731
"X504_377.1784_5.22_pos",-0.0402096576318254,0.0267601000918748
"X505_304.2998_13.42_pos",-0.0360781081662764,0.0143426573838032
"X506_677.2819_9.10_pos",-0.0135358494816861,-0.0308337955300883
"X5080_333.1156_3.43_pos",-0.0119778935458647,0.0127451646126259
"X5094_369.1649_5.18_pos",0.0122396489534816,-0.0171113604873939
"X5127_347.1625_4.72_pos",-0.0124179452884851,-0.0190530099608201
"X5162_527.2456_7.56_pos",-0.0242396662576019,-0.0130200975014553
"X5187_507.1524_3.46_pos",-0.0238475925691629,-0.032594808066098
"X519_329.1576_5.61_pos",-0.0128784513427599,0.0249809294436569
"X5194_741.1989_4.83_pos",-0.0196905632623557,-0.0489534642589595
"X521_387.3217_12.90_pos",-0.0440608604384515,0.015028258576292
"X5234_153.1274_5.52_pos",-0.00234279190740095,-0.00894289946991126
"X5261_424.1393_2.94_pos",-0.0273315690515308,-0.0209403904229915
"X5268_282.0968_2.85_pos",-0.0236213012790321,-0.0451851019214282
"X527_379.1025_5.49_pos",-0.000724137392512063,-0.00904302589363601
"X5274_636.3804_8.28_pos",-0.0328323663192847,0.000851112940638111
"X528_425.1426_5.45_pos",0.00678239333497588,-0.00877940012992382
"X5300_160.0739_2.92_pos",-0.0255662902872283,0.0129351199858546
"X5302_138.0863_8.56_pos",-0.0133096551502723,-0.0056682671973572
"X5315_550.2428_6.69_pos",-0.0285689929359063,-0.0132424146607091
"X5317_175.1459_8.13_pos",-0.021821863805761,-0.0388811748872112
"X5322_279.1376_3.86_pos",-0.0408229686310891,0.0243474985777417
"X5331_705.2364_6.08_pos",-0.0184373938281641,-0.0385095159796271
"X536_202.1082_6.31_pos",-0.0314413936650768,-0.00709063923669082
"X537_545.1942_5.58_pos",-0.044837108096058,0.00760193306541216
"X5388_496.1237_2.76_pos",-0.00887442735669703,-0.0276804684940373
"X5390_267.0975_2.84_pos",-0.0302918111010896,0.036472417429491
"X5470_334.1062_2.73_pos",-0.0205952491193156,-0.0223566336038921
"X5540_496.1234_2.59_pos",-0.0042600949529834,-0.0339318946421114
"X556_325.0886_3.21_pos",-0.0398209323388376,0.00245829993438618
"X5564_393.1893_7.84_pos",0.0234390426641152,0.00171281942454016
"X557_527.2468_9.74_pos",0.0342739702977783,0.0188411071231094
"X561_457.2422_7.70_pos",0.0373787707535027,0.00370710660297424
"X5612_415.1950_6.99_pos",-0.0113252825297448,-0.0160973443442583
"X5624_483.2627_12.78_pos",0.0218180197800126,0.00218365427380565
"X5642_315.1042_3.21_pos",-0.0068400049606201,0.00993737274963055
"X5713_907.5047_13.41_pos",0.0116389319489226,-0.0366014700221
"X574_394.2075_10.41_pos",-0.0265236431782203,0.032288743965153
"X5746_359.1343_7.53_pos",0.00962526950212362,0.0276694166843387
"X576_197.1170_7.62_pos",-0.0369103582949149,0.0300287519078815
"X5795_453.1596_3.02_pos",-0.0185800385273922,-0.0239535196758869
"X580_441.2126_9.96_pos",-0.0390711227265863,-0.000539396748671045
"X584_315.1040_3.76_pos",-0.000211949951646433,0.0159735712158976
"X5840_259.0410_3.83_pos",-0.00931699545375042,0.0315461803209495
"X5909_380.1120_2.29_pos",0.0127193695636466,-0.0249604601295865
"X5926_493.1559_4.76_pos",-0.0254599244451827,-0.0559681650342759
"X594_301.1275_3.83_pos",0.042897892214603,-0.000595626316420483
"X5994_180.0937_5.26_pos",0.0268999200246648,-0.0277422147227041
"X6055_357.1479_7.22_pos",0.0151932235849872,-0.0408222452052382
"X6063_487.2747_7.49_pos",-0.0299837103970354,-0.00276288615595839
"X6201_301.0891_2.40_pos",-0.0106194480536455,-0.0451284734193787
"X6218_165.0573_5.10_pos",-0.037606063578363,-0.0266789035800614
"X6228_479.0830_6.44_pos",-0.00675315156484887,-0.0377994955982523
"X623_397.1545_5.71_pos",-0.0383713911330122,-0.0125927826053487
"X6265_552.1356_5.07_pos",-0.0211814287076343,-0.0376343291903893
"X6266_495.0791_5.80_pos",-0.00114963050150808,-0.0502006625411675
"X6311_481.2057_9.14_pos",0.00452171368947817,0.0016997181652186
"X6319_495.0772_5.97_pos",-0.00303147355467245,-0.045371314649725
"X6354_345.1420_4.29_pos",-0.0251746703797423,0.0183871035301766
"X6378_552.1353_4.85_pos",-0.0244536584551662,-0.0302780492597728
"X639_179.0905_6.59_pos",-0.0400760175988779,-0.0088364928873884
"X6404_347.1641_4.71_pos",0.0010140894970063,-0.000696850569904401
"X6406_393.1384_4.57_pos",-0.016164447636821,0.030299179095107
"X6417_445.1673_6.73_pos",0.0243065732665657,0.0344355186629368
"X6420_331.0827_2.62_pos",-0.0317506598107309,-0.0316118614678852
"X6437_289.0810_2.42_pos",-0.000839420829634799,-0.00278811074732744
"X6466_163.1174_9.21_pos",0.0133255586070479,0.0352657517907514
"X647_157.0836_3.89_pos",-0.0438767773766788,0.0100116758827392
"X651_389.2395_4.54_pos",-0.0102137121848468,0.0328546041465959
"X6518_314.1808_4.94_pos",-0.0211120962631482,-0.0263988725540185
"X6539_533.2597_9.49_pos",-0.00554667587182951,-0.00248075126794513
"X654_384.1152_3.80_pos",-0.0452174954786807,0.0041610495526774
"X655_130.1592_5.09_pos",-0.0379059189824032,0.00336852171890494
"X6550_197.1141_7.94_pos",-0.00293733730407685,-0.00162742492831167
"X6582_197.1158_5.98_pos",0.022498541214482,-0.00835852827221419
"X659_444.2442_8.09_pos",-0.037759762000133,0.0227265248822927
"X6600_195.1685_8.23_pos",0.00625413916068674,-0.0274671318558959
"X661_430.1769_6.57_pos",-0.036574517474633,0.0309446192414231
"X6635_429.1760_9.02_pos",0.0389609710023701,0.00493642087275672
"X6642_259.0491_3.72_pos",0.000728536741581572,0.030728170001287
"X6654_393.1891_8.32_pos",0.0107587578464379,0.0101682136354218
"X674_447.2207_9.14_pos",-0.00568885500680957,0.0282987976116777
"X675_413.1417_4.73_pos",-0.0411222289540448,0.0136136005679451
"X6783_302.0837_3.07_pos",-0.0106806541309879,-0.0368500866356187
"X6794_549.1721_6.51_pos",0.0158641417887568,0.0119237250977388
"X6807_485.6548_4.62_pos",-0.0328247855416065,-0.0317964587975848
"X6829_330.1141_3.92_pos",0.0114133352368615,0.0666446580027412
"X6835_175.1472_10.88_pos",-0.00247628853545826,-0.0195882093314263
"X6893_479.1907_8.95_pos",0.0256354476008495,0.0242842306384021
"X690_377.1356_3.95_pos",-0.0369695510297404,0.0108154694233711
"X693_215.1254_5.70_pos",-0.0384506308664148,0.00816245293559141
"X695_441.1761_7.95_pos",0.0309033137579194,0.0283100851434933
"X697_937.4791_10.06_pos",-0.00157477194593666,0.00899303278512967
"X6978_373.0569_5.40_pos",-0.0419976808351856,0.0124298649108293
"X699_268.1227_3.42_pos",-0.00705904607571177,0.0084530736375796
"X70_407.1228_9.65_pos",-0.0422654143927774,0.0105183742664879
"X7013_359.1652_4.73_pos",0.035499267727237,-0.00192460684195865
"X713_563.2137_9.11_pos",-0.0413737847927352,-0.00102289834323238
"X7148_853.3137_7.86_pos",0.0129429205042444,-0.0365196468994641
"X7179_219.1029_8.77_pos",0.0302975797347605,0.00407299873345754
"X725_381.1223_5.09_pos",-0.0286189864730045,-0.0384045076457847
"X7326_351.1056_4.72_pos",0.0256698784095833,-0.0254624319789678
"X739_252.0870_6.00_pos",-0.0416516774089481,-0.0147561025256046
"X7405_703.2801_8.25_pos",0.0324733452303654,0.0411338118263582
"X7419_545.3298_9.29_pos",0.020979258760446,0.0416492209069646
"X7428_448.1847_4.22_pos",-0.0179292626050941,0.0315639443434344
"X7437_133.1007_6.08_pos",0.0132578964153396,0.0408701127293022
"X7449_573.1861_4.21_pos",-0.039514880732782,-0.000462510162892779
"X7459_633.2156_7.33_pos",0.0331094815936451,0.0324874028891974
"X747_300.2897_12.13_pos",-0.0452062689102274,0.0159411297541194
"X7477_387.2006_6.39_pos",0.0281740608231834,0.0252082823265403
"X7482_326.2169_5.96_pos",-0.0311704793205987,0.0301517662742498
"X749_443.2501_4.11_pos",-0.0337420916021742,0.00720983595059804
"X751_591.3587_7.33_pos",-0.0327417939054986,0.00675466657727588
"X7536_543.3142_8.67_pos",0.0409764904617077,0.00500788313168645
"X7566_229.1118_3.02_pos",0.0159448528565794,0.0258081770870803
"X7568_619.2003_6.72_pos",0.0275537729367035,0.0154348579887003
"X7601_443.1552_3.58_pos",0.0194409689811288,0.0206666518682951
"X772_216.1208_7.82_pos",-0.0372062702915552,-0.0153441640447414
"X7729_543.3140_9.90_pos",0.0293137361156153,0.0259028935627443
"X778_423.1849_4.19_pos",-0.0382821579159362,0.0210203469503093
"X785_175.1462_5.80_pos",0.0238040618544289,0.0473761638147999
"X7872_601.2105_4.74_pos",0.0347147885605734,0.0334598167942971
"X79_259.1099_4.64_pos",-0.0442046425897628,0.0248266915674393
"X792_409.1481_8.05_pos",-0.0183641302574093,0.0431505619683321
"X793_461.2382_8.36_pos",0.0213203703594834,0.045044606169645
"X798_355.0987_3.75_pos",-0.00985034359203384,-0.0080478875522125
"X7994_543.3139_8.18_pos",0.0446185142370715,0.00774778112181137
"X80_172.1696_12.91_pos",-0.0378059602077568,0.00185494810525808
"X8033_510.1434_6.54_pos",0.0445692243860569,0.00375576734984745
"X807_403.7399_8.16_pos",-0.0311626711905796,-0.000498483730507651
"X812_407.1472_6.31_pos",-0.0291471180517349,0.0441853280684615
"X8174_313.0902_3.94_pos",0.0400534907602508,0.0154814457908365
"X8228_298.1289_6.45_pos",0.0281370618220509,0.00260968575629818
"X8268_389.1571_8.04_pos",0.0435847912811954,-0.00100718541088273
"X829_395.2036_7.93_pos",0.00896600010649268,-0.0224043021376412
"X8315_422.1105_5.99_pos",0.0216801788824616,0.0220068895147227
"X836_387.1629_4.72_pos",0.0352306500318786,-0.00325828688631996
"X837_370.7357_7.97_pos",-0.0318622074545332,-0.0011413969561547
"X840_391.1923_7.32_pos",-0.0380944301193848,0.0345176344178577
"X850_391.1503_6.79_pos",-0.0338264055102442,-0.0195853316018334
"X8506_305.2467_8.67_pos",0.0445761455368334,0.0156043853875083
"X862_545.1994_7.01_pos",-0.0208379892040386,0.003180719616879
"X8621_557.2566_6.06_pos",0.0154159250611457,-0.0225900184928123
"X863_603.2050_7.77_pos",-0.0174193158220266,-0.00343379484816662
"X864_357.2264_7.77_pos",-0.0304333038610828,-0.00273483773773154
"X882_302.1251_4.51_pos",0.0071983703328966,0.0514266312568249
"X8833_189.1545_4.01_pos",0.039986316980893,-0.0310808173386555
"X886_221.0920_2.54_pos",0.0260278134935503,0.0286862890198999
"X8879_367.1148_4.99_pos",0.0420485786764563,-0.0134419636236962
"X8886_441.2464_8.89_pos",0.0395206242998849,0.018957958763497
"X8888_316.2080_5.34_pos",-0.0279833420861586,0.0109420650032507
"X8892_289.1241_3.24_pos",0.00844402253979381,-0.00717030053636199
"X8895_163.0427_7.99_pos",0.00800627190208036,0.0517022686671904
"X8906_304.1389_4.92_pos",0.0346208246941493,0.0278250373705927
"X8913_1105.5788_9.89_pos",0.00890590793696838,-0.0460681348470161
"X8915_319.1359_3.23_pos",0.0315449188284142,0.0173817356575797
"X8916_1083.5370_12.03_pos",-0.00821336376736555,-0.0234530685387466
"X892_481.2043_4.14_pos",-0.0214353218737095,0.0238806900722424
"X894_385.1468_4.43_pos",0.0151228126777274,0.00573226952144092
"X8948_457.2369_6.83_pos",0.0390685145386443,-0.0170556506524048
"X8953_267.1022_5.94_pos",0.0415204112936157,-0.0142120697433049
"X8957_385.1853_6.01_pos",0.0342767845722012,0.00143767688268719
"X8963_314.0876_6.07_pos",0.00138844169111105,0.00055290918948917
"X897_254.1903_10.18_pos",-0.027832587870207,-3.99478464834073e-05
"X8970_457.2377_7.39_pos",0.0463691708784363,-0.0001760694586076
"X8973_521.1019_9.84_pos",0.00309547914784977,-0.0388174739698417
"X8980_461.2094_7.47_pos",0.0427156604707453,-0.0186534205783867
"X8989_286.1254_5.38_pos",0.036688189579635,0.00935606859670375
"X900_459.1904_6.44_pos",0.0235721576403646,0.0101679287059543
"X9005_409.1770_7.87_pos",0.0193342657158458,0.035598850930511
"X9013_105.0641_12.91_pos",-0.00449458902650006,-0.0101984371781822
"X9014_175.1352_3.87_pos",0.0407405480178807,-0.0209522013342777
"X9015_231.2026_5.28_pos",0.0378391856965123,-0.0116165220794996
"X9016_621.1563_5.31_pos",0.00839450512056646,-0.0479777389927876
"X9018_360.1678_6.68_pos",0.0457704784072656,0.000771625266425442
"X9028_272.1042_4.11_pos",0.0383118502206897,0.0183705921391769
"X9029_369.1516_6.23_pos",0.0164780602097732,0.0040558047686705
"X903_357.1904_7.60_pos",0.0328517214390447,-0.00357991592758927
"X9038_539.2833_9.01_pos",0.0458127945292014,0.00255510931418417
"X9039_318.1149_4.33_pos",0.0452964119832711,-0.00698883653568778
"X9043_307.1146_6.63_pos",-0.00519060621554782,-0.00346595335182126
"X9045_623.2987_9.99_pos",-0.0101603096662447,-0.0344897299710916
"X9046_371.1286_7.63_pos",0.0432173536585554,-0.00692308298023782
"X906_299.0727_2.97_pos",0.00895379978298603,0.0248389719636114
"X9070_285.1619_9.01_pos",0.0413439773888807,-0.0116948968935066
"X9073_323.1018_3.87_pos",0.042150581087774,-0.00113373918423903
"X9076_271.2443_12.37_pos",0.0377456039649841,-0.00644612658280056
"X908_469.1681_5.71_pos",0.0442230794884348,0.00900368979342779
"X9119_385.2477_10.97_pos",0.0390365111085736,-0.0276690425596213
"X9128_231.2028_7.71_pos",0.0347827411794852,-0.0234304913855009
"X9129_624.3058_9.76_pos",-0.00188300907892715,-0.0335302660388435
"X9133_209.0899_3.13_pos",0.040579199384189,-0.0234470472411165
"X9135_453.1430_6.67_pos",0.0314294049145915,0.0230143915596432
"X9142_353.1575_7.31_pos",0.0319499407735222,0.0213328809626668
"X9146_525.2310_9.43_pos",0.0416791600535916,0.016529905711626
"X9148_373.1808_7.22_pos",0.0308012820203064,0.0163952657688513
"X9150_599.3883_5.67_pos",-0.0391706121637756,0.00649801650059136
"X916_499.2110_7.21_pos",0.0341112883833155,0.0390012309486988
"X9160_175.1381_5.01_pos",0.0377512940447769,-0.0134833213150636
"X9184_307.0481_2.91_pos",0.0350733656365734,0.000458059743261707
"X9185_590.1568_5.98_pos",0.0105478876187237,-0.0261866879646322
"X9188_371.0061_3.48_pos",0.0353964834035022,-0.00342846235693726
"X9192_506.2050_7.32_pos",0.0185628817232063,-0.022180517826286
"X9197_399.1988_6.89_pos",0.0342407346371718,-0.0282729663011844
"X920_453.1380_4.84_pos",-0.0422546074716114,-0.0190253289831967
"X9209_431.1348_5.93_pos",0.0358984676555676,-0.0192052769298008
"X9217_797.3906_5.85_pos",0.0239729664957942,-0.0155467541673003
"X9220_489.2279_7.19_pos",0.0472512015084743,0.00347447821858785
"X9223_551.2123_6.44_pos",0.0408929310272444,0.00436301428274129
"X9228_305.2452_10.97_pos",0.0429729055107833,0.00414546511509874
"X9240_409.1109_5.79_pos",0.0417744533618607,0.00813839470389913
"X9248_460.2518_6.00_pos",0.0393816983361044,-0.0158551478930936
"X9261_461.1416_7.07_pos",-0.00152314755804409,0.0223303309671403
"X9263_183.0865_4.99_pos",0.0256205377090158,-0.0254170283566122
"X9298_243.1738_4.47_pos",0.00130296210285309,0.0404805231621764
"X9302_343.1644_6.69_pos",0.0261700828391695,-0.013130699463095
"X9303_269.1409_10.94_pos",0.0285661734309435,-0.002913679735289
"X9318_557.1493_4.98_pos",-0.00808951683652775,-0.0244834973063408
"X9326_345.1521_4.71_pos",0.0141027242063577,0.00236494011853781
"X9327_273.0808_7.90_pos",0.0239560675230014,-0.0156071374621523
"X9333_609.2180_7.74_pos",0.0399571828683003,0.0175390783175576
"X9334_299.1645_10.18_pos",0.0385560054860147,-0.00945583875217569
"X9349_973.5002_10.64_pos",0.0124306389355522,-0.0112595329154159
"X9350_205.1523_4.44_pos",0.0271079099331143,-0.0407604206664096
"X9357_437.1347_7.48_pos",-0.0211468037606212,0.0113628801839055
"X9360_410.2102_4.93_pos",0.00126804006042832,-0.0188819773109128
"X9368_656.1609_6.68_pos",-0.00883313931891609,-0.0430294170006524
"X9371_397.0745_4.84_pos",0.0100667008610774,-0.0545002088309407
"X9386_209.1535_8.43_pos",0.00294131562762872,-0.038085512033268
"X94_291.1044_2.28_pos",-0.0414851249934244,0.0288956135326314
"X941_134.0812_3.78_pos",-0.0175271407196157,0.0223678494885217
"X942_442.2688_9.68_pos",-0.0122518436364876,0.0195109303141442
"X9420_791.3671_5.86_pos",0.018971381008446,-0.0245113860562308
"X9421_769.2682_7.97_pos",0.0382546676448268,-0.0267349705710707
"X9428_710.2184_2.80_pos",-0.00655316436251482,-0.0352036719114346
"X9457_296.0723_4.23_pos",-0.0114461152291833,-0.0284712498715809
"X9461_251.0958_4.94_pos",0.0104129462376373,-0.0401867750532135
"X9462_504.2812_9.70_pos",0.0408013877358534,-0.0117006685814448
"X9466_330.2187_6.26_pos",-0.0247568708393563,0.0163567649582935
"X9477_603.3002_7.99_pos",0.0263361957267783,0.0224567586846758
"X9479_514.1611_3.61_pos",-0.00914142313934299,-0.0406474260911289
"X9514_619.2090_7.55_pos",0.0467476300745735,0.00454261207479637
"X9518_277.2086_12.39_pos",0.0323164792410704,-0.028137508908749
"X9520_348.0919_8.45_pos",0.0252766032733774,-0.0488421889876537
"X9523_399.1627_9.71_pos",0.0232794446713029,0.0150124288764358
"X9532_713.4201_7.36_pos",-0.0439496744591651,0.00912977485403365
"X9534_336.1059_4.73_pos",0.0436229200346074,0.0104469429172182
"X9538_385.2437_8.05_pos",0.0402670284088708,0.0124871496702311
"X954_331.1586_6.25_pos",-0.0150353802361629,0.0250174125778056
"X9548_359.0786_7.94_pos",0.0386632795484386,-0.0206269089502334
"X9561_285.1605_9.33_pos",0.0365918887842478,-0.0161634470066156
"X9564_330.1250_6.63_pos",0.0337334087481353,0.0271438929427799
"X9591_203.1770_13.09_pos",0.0342632056454838,-0.00825026857204949
"X9605_351.1409_5.83_pos",0.0419410680558387,0.0193588460420895
"X961_172.1420_2.64_pos",-0.0215469859632542,0.0103167180727335
"X9610_376.1611_5.13_pos",-0.024794040239092,-0.0540742145443924
"X9623_321.1668_7.61_pos",-0.0139662760370069,0.00809620193120353
"X9625_203.1692_3.92_pos",0.0365930292579921,-0.0154334574784174
"X9665_352.1215_8.28_pos",0.04115562696906,-0.0278463451407429
"X967_369.1531_6.41_pos",0.0117981257639573,0.0610820636554062
"X9675_238.1442_4.83_pos",0.0324011128257962,0.0122447489400416
"X9679_475.0878_6.75_pos",0.00720101125094012,0.0198193496649547
"X9685_599.1959_6.80_pos",-0.0150635364294136,-0.000574434734934081
"X9694_308.1856_6.24_pos",0.0305383201499965,-0.00153322418368451
"X9701_476.1955_7.26_pos",0.0200743227710554,-0.00907669678204226
"X9708_301.1306_6.43_pos",0.000907637573659858,0.0345843121850271
"X9717_453.1460_6.81_pos",0.0368140179031947,0.00788354175319524
"X9747_350.1434_6.83_pos",0.0408135139593972,0.00970030145546685
"X9782_453.2116_9.47_pos",0.035482243501491,0.0269691203477529
"X981_189.1275_6.64_pos",0.00220657442153984,0.0123331462942275
"X9815_279.0412_10.67_pos",-0.0282799063396918,0.0360465360489364
"X9817_483.2223_8.49_pos",0.0361802947180521,0.0125362168443552
"X983_473.2016_8.02_pos",-0.00199191121556058,0.0549811072858426
"X9834_465.1342_9.15_pos",0.0335214442467679,0.0349810865746052
"X9885_344.1206_6.60_pos",0.0124558547716653,0.0185461743293174
"X9890_297.0631_3.76_pos",0.0227876496497849,0.0123762028730969
"X9897_510.2472_10.01_pos",-0.0183987455644978,-0.0251175448690548
"X9919_417.1185_6.30_pos",0.0241156979364949,-0.00657160450771828
"X9926_667.1138_5.83_pos",0.00126857017193268,-0.0437846966279555
"X9927_1191.5791_10.94_pos",0.00178870793092903,-0.0426851613411575
"X9984_162.0915_9.62_pos",-0.0411149690491774,-0.00128169242372589
"X9988_455.1894_10.51_pos",0.0284314126793052,-0.0277328834779654
"X9997_393.1235_6.83_pos",-0.0107113037401216,-0.0243447255493966
"X9999_603.2051_8.09_pos",0.00356634818888686,0.0158296852990044
