windowID,windMzMid,windRtMid,15_neg,28_neg,2_neg,41_neg,54_neg
window000000005,330.1196,2.038,525251,534377,573410,451893,522302
window000000014,272.1617,2.289,2696356,2545156,2664041,2186590,2436230
window000000021,265.093,2.388,5477882,5563506,5603024,5173000,5490384
window000000044,295.1035,2.482,11609573,11324207,12160744,10370422,11132316
window000000058,312.0951,2.597,659042,633496,666263,630309,666398
window000000059,515.162,2.593,717158,641935,772115,639447,718113
window000000079,267.0736,2.712,1185516,1064245,1212432,1049777,1090854
window000000081,282.0845,2.708,1308696,1341220,1380204,1187195,1303684
window000000088,297.1192,2.744,3715609,3687665,4030912,3377029,3519258
window000000098,329.088,2.822,1284203,1233955,1280124,1157082,1264940
window000000101,273.1458,2.801,408472,391892,431204,414867,410636
window000000102,763.216,2.811,979395,1082833,1242974,892758,1019649
window000000116,381.1304,2.924,1207730,1256684,1221240,1118245,1182847
window000000123,639.1766,3.005,17756318,18841650,18868440,14938354,18247848
window000000126,250.072,2.954,1614089,1629313,1840136,1457951,1551288
window000000129,408.0362,3.01,2075162,1910570,1833710,1904144,1844191
window000000131,309.1193,3.017,25281894,24155352,25251338,22545274,24669670
window000000135,294.0623,2.96,763296,787609,790541,636765,610167
window000000137,241.0353,3.033,15209721,16962812,12407157,9178049,16638619
window000000139,147.0653,3.011,2833267,3150402,2807506,2365811,2712832
window000000143,239.0195,3.044,2109530,2303857,1574022,1257960,2301780
window000000145,661.1589,3.006,2641817,2795220,2914492,2298276,2626515
window000000149,347.0984,3.039,1275518,1194737,1188500,1029588,1236793
window000000150,326.1094,3.01,720058,717961,714028,602233,760193
window000000154,692.088,3.013,1273578,1209144,1250278,1052752,1189117
window000000157,760.0759,3.008,264990,252783,318159,205624,227431
window000000163,115.0389,3.071,1036566,984720,1026706,915966,1013207
window000000166,376.1184,3.059,1492778,1396494,1325703,1080021,1745271
window000000177,366.0254,3.098,727485,674520,727867,623529,650856
window000000181,357.1298,3.115,1304653,1237069,1207276,1037624,1195594
window000000184,331.0674,3.213,26783528,28485786,30334462,24888026,26724402
window000000186,779.2452,3.118,227314,235528,228110,186676,224954
window000000188,295.1216,3.161,1409850,1399970,1394223,1207365,1276752
window000000192,164.0709,3.21,4629976,4961878,5184182,4187434,4540412
window000000194,310.0023,3.208,1767029,1708707,1762586,1564014,1683885
window000000195,230.0668,3.214,1425974,990557,861698,932963,776538
window000000196,232.0589,3.208,1782877,1923969,1941027,1728275,1755342
window000000198,345.0829,3.227,1886635,1758940,1787308,1698613,1735450
window000000200,367.0647,3.223,803842,834693,900586,705101,789200
window000000201,354.9998,3.216,449215,485992,425373,429747,493812
window000000202,299.0774,3.231,2511674,2438143,2650055,2179356,2557644
window000000207,280.0408,3.22,426849,435660,483107,469919,419191
window000000209,428.0678,3.221,1956303,2010553,1883997,1765590,1874270
window000000213,474.0732,3.227,1007195,1099914,936985,1081769,988572
window000000214,137.0234,3.254,1390717,1476878,1484742,1281442,1299104
window000000220,445.12,3.233,836444,817750,862526,815106,784369
window000000223,384.0666,3.248,234351,209795,193330,212614,206435
window000000226,161.0447,3.314,1425435,1469567,1545676,1315749,1500328
window000000227,542.0603,3.248,202382,240547,179275,206828,221167
window000000229,593.1473,3.242,492072,535686,548033,419856,567676
window000000238,723.2041,3.309,668005,602401,509177,511410,622336
window000000248,287.0648,3.347,561139,700207,1101746,351981,582896
window000000255,377.1077,3.406,600274,642182,622846,526849,567020
window000000259,653.1924,3.368,197170,205443,209121,164380,207199
window000000264,343.1166,3.395,235138,247886,258458,187467,248349
window000000265,309.1193,3.434,6726720,6972819,7427946,6223182,6791086
window000000282,431.9996,3.498,434793,388721,407959,391280,439013
window000000292,201.1239,3.54,395822,415920,388588,309512,369937
window000000295,414.9973,3.589,2882251,2734902,2878910,2744228,2681198
window000000296,383.0598,3.6,7882349,8133476,7876356,7314536,7315525
window000000297,315.0725,3.607,99429104,98346032,103621360,92514496,95042816
window000000298,536.1252,3.58,848411,1100498,957238,348859,746819
window000000299,361.1143,3.577,408712,404099,418607,351993,412181
window000000302,459.9948,3.596,1661368,1742581,1678780,1614914,1696783
window000000304,631.1519,3.591,4113962,4265566,3977822,3767140,3898353
window000000305,108.0197,3.593,699435,713297,668332,618786,677877
window000000306,671.1486,3.594,1676632,1781364,1906308,1285676,1689046
window000000308,400.0494,3.594,1214451,1131280,1330892,1050462,1053263
window000000309,403.0665,3.606,299761,290126,355729,346539,294106
window000000311,416.998,3.61,525030,446859,493315,528241,448853
window000000315,653.1629,3.596,1448369,1585012,1555864,1417870,1451563
window000000317,314.9236,3.611,668173,606774,711192,548672,619973
window000000322,218.103,3.652,3963277,3930666,3986418,3337132,3700901
window000000323,279.1087,3.673,3079474,2878576,3129337,2561593,3013256
window000000328,359.1157,3.624,441673,446507,505616,367490,415413
window000000336,401.1381,3.692,889263,853262,941353,861483,888272
window000000338,305.0881,3.712,1493487,1535935,1565116,1335579,1549206
window000000350,176.0345,3.743,1269800,1353611,1298259,1252414,1314984
window000000351,447.2099,3.714,211736,201459,238323,192864,228732
window000000353,220.0247,3.741,1276940,1323608,1281697,1193273,1264973
window000000355,313.0747,3.746,705014,703836,819414,685285,731581
window000000361,345.1193,3.8,1848545,1866839,1929723,1665358,2066706
window000000362,588.1146,3.788,735382,950415,633773,269598,725071
window000000366,378.0976,3.798,860177,879731,919062,803625,917057
window000000384,160.0396,3.9,1142192,1215164,1199994,1130521,1064994
window000000387,461.1304,3.908,1992887,1901016,1893149,1798218,1975217
window000000391,204.0297,3.906,883572,885363,862135,733260,782395
window000000394,187.0605,3.932,952278,903173,970488,847205,925585
window000000405,316.0758,3.984,203939,188710,225123,180369,181731
window000000409,323.1117,4.01,2305077,2328381,2316020,1396942,1896287
window000000416,544.1245,4.025,1836407,1655744,884048,1387491,1756037
window000000436,359.0983,4.117,1861855,1697971,1924320,1712116,1925972
window000000438,594.1548,4.083,428498,361436,224728,344294,341873
window000000442,179.0342,4.254,46817796,43032304,43107452,38891584,40783432
window000000443,135.0441,4.245,46114836,40728668,42438644,38343656,41349648
window000000445,410.9659,4.214,7911128,7427572,7650305,6978136,7447254
window000000446,311.0412,4.255,147326672,130596520,133644296,115332552,130225304
window000000447,333.023,4.24,12062268,10662592,11049824,9768355,10563131
window000000448,149.0082,4.225,31561492,29778480,30451498,26025442,29351160
window000000451,477.9451,4.217,1046510,1131245,964037,1060307,1028776
window000000455,447.1144,4.179,5210196,5703380,5761780,4950338,5215666
window000000456,623.0893,4.231,75179408,67261432,61449656,50075124,58322344
window000000458,394.9927,4.208,689545,789335,724984,665545,595618
window000000462,645.0714,4.22,15870724,12917273,12897750,11121935,11226433
window000000463,201.0163,4.211,755309,629813,701249,548449,617309
window000000470,676.0008,4.211,5716771,5025220,4668014,4158242,4174334
window000000475,309.0254,4.225,1578070,1384300,1754246,1096473,1237153
window000000476,337.4968,4.214,2538032,2562456,1945471,1750804,1894582
window000000477,667.0541,4.208,1521343,1306869,1242130,1142340,1430146
window000000488,379.0221,4.23,6826597,5744310,6348256,5472607,6106518
window000000490,661.0416,4.204,1008141,895844,867200,775866,713342
window000000504,203.082,4.264,5788431,5491825,5325855,4590427,5724866
window000000517,315.0724,4.318,6988927,6686000,7206360,5575410,6991191
window000000518,271.0829,4.277,2331087,2208788,2243482,1905501,2228110
window000000521,310.0933,4.313,4207944,4213670,4446722,3724861,4242334
window000000524,161.081,4.268,1918297,1936024,1666054,1619641,1795342
window000000526,425.0365,4.346,6793420,4824081,2456610,6753874,5618071
window000000529,343.1034,4.303,490198,618770,587787,435175,505654
window000000532,225.0644,4.283,346324,364560,353009,304033,323803
window000000541,281.1242,4.332,2950148,2793623,3064022,2466700,2817011
window000000547,210.0402,4.346,1100135,953668,972882,900427,982206
window000000548,380.0367,4.337,894101,832188,908326,822306,826104
window000000549,323.1348,4.396,64027000,61005828,67447096,56791712,65968748
window000000554,148.0394,4.348,699794,696293,634808,666056,678883
window000000569,391.1236,4.39,4526965,4882265,4876486,4229856,4788378
window000000573,422.0519,4.396,2455972,2414301,2695186,2191505,2628799
window000000574,457.1934,4.379,492820,476849,508889,438426,427482
window000000578,205.0713,4.403,1022426,1046283,1127669,860850,1009195
window000000580,459.1107,4.407,579502,591993,626270,614969,651630
window000000584,255.051,4.464,2465616,2513164,2477947,2097392,2346827
window000000587,411.9986,4.425,612471,725445,841867,694447,821149
window000000590,647.2773,4.412,1151944,1084608,1250332,973755,1300303
window000000598,310.0934,4.442,2603525,2459481,2696524,2128314,2443638
window000000599,337.1504,4.485,2641810,2658540,2828561,2293647,2882766
window000000602,339.072,4.538,2713062,2572113,2660105,2447275,2538328
window000000603,373.1141,4.526,856561,891865,918178,695707,752320
window000000610,308.0777,4.547,893128,773957,857638,667428,743482
window000000618,294.0623,4.615,3474396,3400916,3594339,3287633,3729761
window000000621,325.1504,4.557,876354,826843,841821,733644,813463
window000000623,215.0378,4.608,1518435,1312610,1414708,1281331,1346246
window000000628,281.1243,4.604,5508454,5212766,5335189,5064883,5627780
window000000631,199.0607,4.574,280247,291734,322590,264338,293307
window000000632,137.0234,4.659,17896136,20643688,21404628,15396630,20878926
window000000633,446.1796,4.604,1078273,993780,1130593,1008412,1070801
window000000636,526.1353,4.624,2032091,725832,179339,3191939,1103997
window000000639,380.0381,4.633,1615765,1616769,1568850,1369912,1649396
window000000641,316.0439,4.627,453260,434416,451230,382186,392877
window000000644,229.1079,4.654,1039578,1086573,1050500,925117,1037464
window000000645,299.0774,4.722,63238748,60416584,64388036,51589824,59500620
window000000650,356.0847,4.703,1157796,1210409,1123128,1001140,1164556
window000000651,367.0647,4.7,8770838,8213974,8304386,6842321,7734182
window000000652,367.1611,4.668,1143676,1068748,1114962,996366,1155019
window000000755,363.0335,4.989,8517377,8625148,8128059,7796392,9816999
window000000756,394.9709,4.963,10710463,11330720,10387901,10275325,10864899
window000000759,613.082,4.962,20380808,20590214,19662908,17893030,19076420
window000000766,591.0994,4.942,15627591,14689415,14008125,12055878,13987946
window000000773,644.0108,4.954,7915296,8322612,7313196,6155546,7170834
window000000776,635.0639,4.948,1802590,2071804,1973340,1971578,1915682
window000000782,117.0334,4.956,1327556,1350233,1164165,1106849,1164197
window000000787,349.9734,4.987,4348202,3943815,3982672,3692354,4220902
window000000790,607.0942,4.94,1495350,1209216,1563733,1371732,1720988
window000000802,629.0629,4.949,1155494,951052,1127794,996447,999716
window000000808,656.0117,4.954,3228702,3129775,3369602,2828235,3421170
window000000827,604.1309,4.954,1464360,1510494,1465759,1199975,1582933
window000000833,293.1241,4.98,2522252,2713519,2519624,2211890,2546357
window000000843,594.1095,5.026,1543801,1511744,1597375,1322969,1533404
window000000848,278.067,5.021,9435449,9170613,8819562,8219729,9269360
window000000865,325.0926,5.087,22500090,23686724,22125628,20597964,23283132
window000000873,635.1372,5.026,1036863,922882,1129604,851018,963736
window000000881,393.0804,5.072,3940006,4267144,3763239,3297474,3945122
window000000888,424.01,5.07,1527914,1600113,1272332,1289840,1358920
window000000892,461.0683,5.073,580543,570387,493601,464013,542938
window000000895,621.1217,5.107,5276673,5152073,5795821,4052826,5521730
window000000897,215.0822,5.091,958455,1045192,1331084,983395,1196221
window000000903,395.1922,5.114,4150208,3765368,3910403,3263110,3720960
window000000906,310.0569,5.105,1469425,1263693,1549180,1128475,1535713
window000000912,119.0491,5.125,8516947,8692926,8155673,7594032,7738642
window000000918,433.208,5.147,12214107,12841858,13503977,10368963,12995501
window000000920,309.1192,5.107,787346,732452,702657,650217,657690
window000000926,215.1397,5.127,2176786,2037272,2245403,2017358,2106686
window000000928,239.0559,5.187,9163413,9070900,9290113,8116372,9090776
window000000934,423.1783,5.146,555445,766606,776717,658783,778135
window000000935,129.0546,5.199,1513839,1535245,1680329,1303825,1562024
window000000946,608.1259,5.191,293985,277749,334044,250787,318380
window000000952,347.0987,5.199,1017312,1096480,1132244,961918,968616
window000000961,391.1149,5.214,659103,668743,692626,607705,670184
window000000963,172.0607,5.2,565377,541191,510708,464848,506135
window000000966,369.0824,5.242,2576815,2414258,2626866,2104891,2339496
window000000967,253.1081,5.239,1093513,1100690,1110375,968580,1158087
window000000968,278.067,5.284,8560070,8681707,9364680,7832972,8859534
window000000970,563.162,5.242,765724,806078,789528,700677,801529
window000000971,341.0878,5.281,1422011,1472297,1507164,1282257,1382264
window000000972,155.034,5.245,887803,1214360,697069,484338,1300860
window000000982,317.5567,5.246,795028,756020,902502,618113,711179
window000000984,435.2239,5.262,2386445,2423656,2445879,2157333,2526514
window000000988,595.1672,5.301,3691480,3562939,3604244,3134988,3630884
window000000995,578.1152,5.304,1306620,1288777,1537185,1221554,1477761
window000000996,619.1421,5.288,851830,920752,1053290,808696,928735
window000000999,292.0828,5.333,2310508,2559889,2480941,2173229,2299417
window000001000,159.0654,5.324,602429,564400,578971,511950,609482
window000001002,552.136,5.31,456835,446837,482854,379203,402267
window000001003,395.1922,5.336,6446858,6303646,6272136,5718766,6535718
window000001004,441.1039,5.325,523757,497148,469915,468765,496928
window000001005,341.1606,5.319,478416,474461,447994,408727,455104
window000001006,349.1865,5.34,5954790,5888017,6228650,5345311,5754154
window000001007,431.1189,5.339,753122,781195,757864,642720,743274
window000001014,325.0748,5.447,58558972,53847376,57520160,46986760,52484300
window000001018,605.1264,5.367,2706346,2842694,2973551,2232250,2877203
window000001020,300.109,5.359,996661,897899,946355,824484,886863
window000001023,346.1144,5.36,785864,844156,891058,754719,799770
window000001025,490.0856,5.351,314194,270606,257952,284044,276020
window000001027,193.0499,5.444,8985494,8060468,8543113,7241200,7705029
window000001028,371.23,5.389,19942402,18818128,19804680,17163472,18849842
window000001031,393.0442,5.418,3514752,3360851,3307628,3040120,3188787
window000001032,177.0186,5.389,988796,1119404,1124265,956945,1052257
window000001034,369.0827,5.462,2599196,2538206,2623598,2185941,2501348
window000001035,134.0363,5.435,2596560,2298794,2465980,1943039,2326271
window000001036,423.9736,5.421,1750536,1674466,1547565,1375068,1495220
window000001037,488.0985,5.388,800304,604839,632326,595988,626699
window000001038,439.2176,5.385,1464941,1431699,1542648,1282958,1448529
window000001039,308.1351,5.405,485698,487934,477662,414274,430448
window000001042,236.0562,5.384,555949,605122,641439,547486,709661
window000001043,379.9837,5.414,1019606,869861,901830,848872,889600
window000001045,379.1609,5.424,3938626,3678484,3888665,3565591,3718704
window000001047,651.1028,5.407,558626,481023,471988,395712,438154
window000001051,620.1256,5.401,1434169,1435912,1591711,1274637,1457019
window000001053,673.1029,5.407,842782,756980,817451,752977,769483
window000001055,451.2186,5.414,1251535,1137562,1130136,1171454,1158945
window000001056,315.1087,5.412,1686350,1903421,1507684,1768529,1848326
window000001057,308.0776,5.442,1546242,1527927,1561419,1300508,1518629
window000001060,471.1549,5.396,475948,432383,374948,350777,395289
window000001061,355.0854,5.501,12759102,12029270,11766905,10440511,12117027
window000001068,401.1452,5.439,1331297,1303352,1316654,1169890,1190680
window000001070,352.104,5.465,2407366,2492434,2663702,2025429,2311782
window000001072,483.2083,5.48,5459812,5240380,5995408,5000135,5565286
window000001073,578.1148,5.457,2117986,1849333,2254485,1766815,2020179
window000001074,337.1506,5.447,1570741,1550490,1554346,1340352,1428832
window000001079,423.0731,5.487,1547444,1403537,1420907,1376432,1468353
window000001081,387.1664,5.491,19625282,18303264,19069600,16254249,19251088
window000001083,623.1253,5.48,864204,886466,942990,819350,835786
window000001089,455.1537,5.5,1772882,1563726,1685431,1368411,1751705
window000001092,605.1272,5.508,3686841,3551691,4034026,2960004,3719155
window000001097,395.1923,5.547,10439525,10698523,10391614,8831918,10743515
window000001099,396.196,5.538,2031184,1797734,1871622,1646262,2021092
window000001101,329.0878,5.514,951848,940252,883958,861818,968604
window000001102,201.0399,5.512,403204,370926,414571,474543,531327
window000001104,619.1416,5.515,1400986,1228916,1530514,1215654,1397684
window000001107,755.2048,5.529,1140301,1062923,1103948,1048711,1054212
window000001117,257.0673,5.533,193139,176088,215910,197001,192136
window000001118,249.1243,5.52,926916,932594,904476,751877,859833
window000001119,249.0403,5.534,654676,508987,486142,587257,661174
window000001123,405.2131,5.529,348453,307782,391111,320406,338135
window000001126,447.1687,5.602,38957612,39407156,38900412,34355468,37190580
window000001127,292.0829,5.593,1898079,1976475,2097691,1804327,1853279
window000001130,267.0512,5.575,951243,984061,995584,783867,884117
window000001131,401.1452,5.593,8011908,7890236,8054874,7063608,7319355
window000001133,437.1219,5.593,1641626,2263041,2167131,1979955,2262658
window000001134,327.1087,5.592,1400623,1487929,1649633,1339120,1438319
window000001137,515.1382,5.596,2092694,2084265,1940056,1655647,2054528
window000001138,546.0679,5.593,1090634,1036031,884550,907960,965070
window000001142,464.1409,5.596,1425831,1303170,1307238,1054538,1295000
window000001144,387.1664,5.662,77695272,79945216,81654328,71071512,79149976
window000001147,439.1187,5.599,495602,577847,653963,662228,661992
window000001151,592.131,5.622,374513,467212,471545,356181,393105
window000001154,651.1913,5.688,1960992,1886232,1842472,1826151,2022651
window000001155,157.0497,5.662,10392588,10917623,11344185,8747230,10285759
window000001156,573.1746,5.688,1741320,2397224,2392184,2274946,2380754
window000001158,600.1936,5.686,2548960,2350684,2586986,2283268,2424228
window000001160,620.1252,5.648,1887756,1768211,1935915,1414640,1610801
window000001162,455.1535,5.676,6619464,7080097,7006314,6197193,6792360
window000001166,113.0596,5.655,1518210,1739630,1767361,1236095,1447312
window000001170,486.0649,5.674,2003699,2017701,1871762,2022594,2136632
window000001171,523.1411,5.674,942474,1083044,1150234,941813,977964
window000001172,301.9731,5.659,468951,455646,421733,399511,471309
window000001176,435.1295,5.672,515183,516070,479500,475578,523443
window000001179,562.12,5.674,743011,705183,799059,620929,793426
window000001191,327.1161,5.688,540297,530958,577698,553329,478861
window000001198,121.0284,5.743,7641434,9601389,9389552,6805815,8866800
window000001206,501.1773,5.699,492278,661038,448215,480112,548297
window000001209,308.0777,5.751,1610999,1502483,1668545,1302170,1442212
window000001218,181.0498,5.731,241806,237594,290152,213753,239627
window000001229,307.1399,5.766,199520,189687,218531,193301,213585
window000001230,521.2031,5.774,466992,510647,509663,397679,476333
window000001231,563.2343,5.791,1519346,1506110,1494150,1208826,1324172
window000001232,431.1922,5.829,50276328,49963464,50597204,44952256,49049200
window000001234,399.0932,5.832,3284898,3238695,3208784,2829394,3083366
window000001240,600.1942,5.788,444937,517394,481602,381190,403354
window000001250,425.1855,5.817,946178,1145788,1240186,1246942,1365486
window000001253,775.2316,5.811,233185,227517,249565,201248,240620
window000001254,567.266,5.809,780852,851044,925948,821036,868513
window000001256,481.1354,5.835,898248,830917,918356,837575,889097
window000001262,421.1626,5.844,8649776,10140245,11139873,9925289,10981494
window000001263,448.1821,5.846,8547743,7538594,8324156,6599761,6827723
window000001264,499.1798,5.843,2735617,2619936,2331879,2468286,2618377
window000001266,427.1868,5.861,7819772,8612135,8417441,8345533,8972047
window000001268,295.046,5.91,305750432,285988992,297074400,257483200,289431072
window000001272,179.0342,5.915,101295840,93765272,98320888,84334968,92322120
window000001275,484.1038,5.849,934430,821552,670940,798176,741928
window000001280,485.1109,5.852,607066,572680,693958,648149,553444
window000001285,381.177,5.866,1955538,1847765,1851962,1655060,1693569
window000001287,250.0719,5.872,892422,993384,961979,815471,838667
window000001292,115.0025,5.938,6028592,5187529,6568836,4562807,5404110
window000001294,681.2404,5.875,9336229,9782729,9679679,8322406,9952020
window000001314,677.2304,5.872,794232,938347,812649,817652,944016
window000001318,759.2345,5.918,2943824,2647249,2634409,2315336,2777872
window000001352,369.0825,5.921,2003864,2071937,1938234,1595092,1822158
window000001360,389.1818,5.969,6813904,6235884,6183542,5488462,5983952
window000001371,613.0812,5.952,55854492,61430804,65557008,55403632,55688244
window000001372,434.2114,5.938,3289856,3220230,3216356,2850767,3712850
window000001375,685.2347,5.942,3892980,3894514,4008681,4523343,3988950
window000001378,327.1084,5.961,5346028,5136776,6042876,5046204,5741656
window000001379,433.2082,5.941,13588079,13218655,15065267,12050852,14751289
window000001382,667.152,5.947,5935364,6523332,6899757,6737234,6477759
window000001392,644.0109,5.961,17179804,16555747,17844690,15387014,15494750
window000001393,591.4824,5.947,4237971,4011285,3997984,3811455,3975862
window000001399,591.0998,5.976,866514368,864925504,883648128,789623680,808497536
window000001400,590.7184,5.952,3339143,3934673,4134326,3302370,3455436
window000001510,755.2043,6.106,5131712,5062954,5326656,4437984,4671034
window000001512,387.1662,6.116,11118525,11496035,12027102,10674807,11259554
window000001513,491.1408,6.102,1257424,1322500,1219970,1231190,1309605
window000001520,431.1922,6.119,2254182,2254077,2276756,1924125,2240070
window000001521,801.2102,6.107,1344284,1306231,1289997,1123852,1267134
window000001522,477.2163,6.128,575475,571629,591333,562542,600680
window000001525,741.1896,6.185,95687832,97259112,92416976,85979128,98125576
window000001530,457.1815,6.121,733105,747707,775799,677081,752573
window000001533,411.1878,6.115,1365565,1328827,1391607,1182679,1364055
window000001539,385.1687,6.128,240453,218390,266279,200993,232359
window000001540,465.104,6.145,857720,928725,908354,742905,861168
window000001542,294.0985,6.131,583889,592056,296682,451988,553352
window000001545,809.1763,6.169,7076272,7345294,6678693,6624634,7707394
window000001549,171.0654,6.157,475230,537026,486005,389562,479407
window000001551,352.1039,6.168,794874,854595,813380,705678,798167
window000001552,359.0984,6.159,1222612,1413499,1364505,1252607,1573024
window000001553,537.1978,6.151,1371898,1363509,1362707,1211326,1355723
window000001555,210.0767,6.166,909261,850971,1006129,840506,909378
window000001556,569.2095,6.171,1117177,1068162,1139314,1053066,1173390
window000001557,363.1661,6.162,1270520,1240367,1155697,1076562,1334572
window000001558,840.1063,6.176,1763697,1696673,1588491,1799781,1849871
window000001560,777.1656,6.176,1048109,1473510,1407139,1360410,1384661
window000001561,855.1822,6.176,1300643,1304849,1224172,1126088,1263508
window000001565,859.1245,6.176,779220,716610,634642,673614,650060
window000001568,403.161,6.186,1373559,1219931,1216236,1261986,1266493
window000001569,609.1468,6.214,9847856,9946467,10012901,8700408,10215749
window000001571,637.1969,6.174,407088,421793,463590,426853,472445
window000001572,877.1641,6.189,623756,730215,740261,729158,681647
window000001574,729.2618,6.215,2939839,2861896,2924498,2486638,2889969
window000001575,366.1194,6.194,1787329,1766350,1702043,1844945,1845914
window000001576,559.1903,6.189,387962,488908,492054,457680,490082
window000001579,461.1668,6.22,5248776,5352688,5296794,4595057,5069380
window000001584,565.2265,6.233,2031839,1961221,1878037,1574504,1891677
window000001586,579.2477,6.204,397339,453065,452247,406294,437902
window000001592,677.1337,6.206,660075,758439,651773,608946,683516
window000001596,271.0825,6.252,522554,531585,499198,464391,538422
window000001602,405.1302,6.286,1762645,1695009,1918014,1607395,1788702
window000001606,583.2033,6.29,531496,558217,591682,572286,529417
window000001607,353.1818,6.251,447280,421665,443215,426520,477419
window000001610,519.2446,6.258,456339,461144,494098,396584,433992
window000001614,755.2048,6.275,6533296,6720352,6174474,6017639,6241416
window000001615,321.1555,6.274,2292269,2251016,2411040,2047920,2300830
window000001617,371.1347,6.289,425243,434495,419450,375535,407326
window000001620,233.0453,6.29,496179,387674,384867,502844,470558
window000001622,477.0676,6.301,1316277,1304793,1412280,1177557,1316858
window000001623,411.1874,6.28,627974,584667,663758,517588,583928
window000001627,361.1406,6.312,1119609,1404816,1354376,961801,1253084
window000001629,225.1129,6.336,1670153,1535265,1567785,1372038,1528306
window000001635,433.2086,6.342,36036888,35364500,38401052,31693008,35145888
window000001639,501.1961,6.334,2212192,2275615,2436114,1893721,2279641
window000001641,423.1699,6.336,1957179,2436629,2889348,2381634,2719195
window000001642,329.1063,6.336,370512,381853,384252,394534,416597
window000001643,450.1977,6.334,1944866,1801970,1991764,1576519,1744977
window000001646,595.1311,6.447,256951040,251770160,264946432,246383904,257324256
window000001648,613.1957,6.397,20971734,20496968,19739726,17282724,20387836
window000001650,403.1609,6.384,4419944,4626616,5021694,3822408,4775543
window000001653,189.0761,6.384,5938560,5314504,5834614,4840823,5930602
window000001655,393.1769,6.394,8782207,7853948,8952433,7563294,8194906
window000001658,355.1032,6.399,2409600,2188254,2441812,2115595,2362623
window000001661,441.2831,6.37,929477,889751,879552,777906,940789
window000001663,663.1186,6.437,18409234,17862984,17756306,18034114,17423730
window000001665,477.2339,6.406,3977297,4261662,4580158,3571656,4124279
window000001667,439.1822,6.408,51359292,50372560,52042376,46302620,48744732
window000001668,461.1665,6.402,3401034,3734357,3588632,3170231,3559207
window000001669,507.1884,6.39,1477679,1518326,1434000,1387099,1517940
window000001670,694.0479,6.434,5311460,4643028,4582588,4828504,4695524
window000001671,257.0642,6.375,247316,278751,253650,260598,254353
window000001672,681.1839,6.407,796394,837716,706370,677030,812382
window000001673,471.1488,6.39,399740,402702,459488,365400,477977
window000001677,631.1089,6.436,3413412,5305014,5060467,5326911,5565054
window000001679,415.161,6.399,611366,684237,788700,615586,586714
window000001685,713.0666,6.437,2001258,1961103,1896119,2130300,2036784
window000001687,437.2029,6.437,2810196,2573473,2920545,2313342,2759914
window000001688,538.0992,6.4,890885,816205,822806,713002,775420
window000001689,456.1721,6.402,1215168,1203126,1235255,991421,1092953
window000001690,658.1272,6.44,3968303,3645895,3768087,3342834,3977696
window000001691,762.0354,6.437,875786,842255,769266,796560,919020
window000001692,391.1795,6.437,3391185,3356859,3176375,3089270,3457176
window000001693,492.0938,6.4,574348,582497,520510,506235,480795
window000001696,363.1426,6.427,1342835,1446178,1669022,1171268,1437099
window000001699,535.1934,6.453,2600905,2669959,2961329,2333077,2571873
window000001703,681.0397,6.442,734785,766867,758765,695160,714979
window000001704,725.0896,6.446,742464,892050,917507,767745,935306
window000001707,1191.2696,6.445,6555461,6728943,7362800,6813432,7650667
window000001715,681.1839,6.431,796394,837716,706370,677030,812382
window000001730,1213.2489,6.453,722614,768252,760585,630322,932431
window000001734,547.1565,6.483,3114359,2865015,2542336,2723664,3199182
window000001745,509.2137,6.468,927608,1139532,1041714,799913,1011925
window000001753,119.049,6.512,1022992,957765,930376,982813,936327
window000001759,309.0618,6.541,2416342,2291448,2305565,2087216,2350804
window000001760,429.1951,6.551,1650617,1695426,1597772,1470363,1706192
window000001763,206.0817,6.545,1577726,1372348,1494828,1187382,1516749
window000001767,475.2141,6.572,4455125,4445538,4866519,4066866,4390224
window000001771,331.0437,6.543,573798,559003,562671,446923,570921
window000001776,695.1476,6.564,473423,436224,432939,395956,387946
window000001778,551.1831,6.567,644823,655059,728813,535913,568214
window000001782,473.2027,6.615,6920740,6962716,7667203,5847750,6200040
window000001783,423.1837,6.567,809271,891748,912606,811460,1019357
window000001784,439.1825,6.584,4633422,4346856,4651240,4024294,4301884
window000001790,427.1972,6.616,9115827,8783823,9602950,7690270,8709133
window000001794,523.207,6.615,6214214,5885078,6247704,5674110,6155820
window000001798,547.1573,6.624,5512068,5484455,4925206,4807420,5915851
window000001801,567.2091,6.63,1713175,1481458,1550286,1337370,1690556
window000001803,471.1868,6.624,1354886,1351487,1431094,1162767,1294465
window000001805,539.1752,6.627,1433596,1474097,1467355,1345393,1405544
window000001808,725.1943,6.68,92945576,92749640,89647072,82384720,93897176
window000001813,569.22,6.627,480973,527812,499797,459137,538587
window000001814,373.1142,6.625,680547,696568,625786,626879,651427
window000001816,451.1246,6.639,2281380,2465592,2461575,2197915,2393685
window000001817,307.1399,6.639,3862246,3571824,3456688,3470524,3980268
window000001821,793.1818,6.666,7188906,7009143,6911018,6242092,6730470
window000001823,607.1625,6.632,315294,328582,289924,297912,308284
window000001826,377.1818,6.666,16923868,16444744,16613276,15115232,16926730
window000001827,616.1098,6.634,280499,271619,295159,263351,274273
window000001828,367.164,6.658,769274,1122252,1150949,992294,1258465
window000001834,387.142,6.669,2637982,2604719,2520039,2515147,2543251
window000001835,824.1116,6.663,1535858,1813545,1431259,1407290,1593872
window000001836,297.111,6.633,239883,295410,301074,265984,335482
window000001838,761.171,6.669,1164364,1628739,1636480,1684883,1689635
window000001842,430.1177,6.678,514641,471688,443632,473338,478959
window000001844,843.1299,6.667,691017,700286,693682,623678,851686
window000001845,861.169,6.667,672774,773426,777205,678012,717877
window000001846,788.1899,6.673,896769,833315,977458,785211,728399
window000001858,394.1711,6.676,402054,396413,387754,358358,349906
window000001862,165.0366,6.696,437537,459777,339621,458638,534934
window000001863,423.1879,6.695,2325360,2103714,2455380,2179644,2072994
window000001868,469.1925,6.697,1314407,1327170,1249252,1171266,1431850
window000001869,119.049,6.779,196467696,201045920,209180640,197845648,201792208
window000001873,163.0392,6.788,289378080,295878656,300594720,264852848,289216896
window000001875,755.2043,6.734,3408460,3408786,3538211,3002886,3262808
window000001878,279.0511,6.788,311539136,330829344,319513120,283744672,329144608
window000001888,378.976,6.791,17865416,18223248,18695778,18740760,19833338
window000001890,441.1975,6.753,10276119,10890534,10725475,9735071,9869960
window000001891,445.1897,6.743,714851,643019,732328,637583,660816
window000001892,581.0914,6.791,40741788,40550276,47413188,40596968,45408208
window000001898,697.216,6.761,1069509,1060121,1134915,952686,1031663
window000001900,395.192,6.753,1814866,1873126,1882146,1642938,1713205
window000001915,612.0213,6.798,10417086,10651423,10521374,9888634,10476133
window000001918,117.0334,6.809,4573900,4755339,4774560,4368560,4159985
window000001919,162.9837,6.803,2323112,2710698,2436790,2523672,2209228
window000001920,357.119,6.813,6021490,7274074,7081845,5740289,5984702
window000001924,278.9271,6.807,1975371,2259586,2043768,2122355,1827098
window000001933,889.2047,6.828,44591100,46460000,45280640,39877396,41516492
window000001934,311.1137,6.808,1746982,1815259,2199290,1513777,1707594
window000001938,455.0285,6.809,1028917,956802,1181930,1032300,1143784
window000001939,597.0629,6.804,1750640,1854979,1961478,1628652,1759676
window000001950,635.162,6.812,6298140,6606912,6862432,5215244,7060418
window000001969,311.0407,6.916,9843153,8859332,11017983,8095494,9965061
window000001971,293.0303,6.914,13594315,13345345,15841130,11636207,13820403
window000001975,399.1212,6.878,2050271,2023896,2215905,1709704,1923767
window000001985,399.1211,6.877,2050271,2023896,2215905,1709704,1923767
window000001986,609.1459,6.87,172717296,163903136,164596720,151877584,165635120
window000001988,677.134,6.857,8782873,8148516,7147026,7335502,7355476
window000001994,135.0439,6.933,8025590,7288304,8386287,6760726,7821358
window000002005,333.1091,6.871,3121091,2739574,2897453,2367877,2946096
window000002008,947.1527,6.924,10367854,9329078,12861755,9079613,13795721
window000002011,1083.226,6.865,2477744,3081616,4121566,3863159,5644167
window000002012,723.139,6.86,1657138,1940889,1481443,1501735,1762866
window000002013,708.0642,6.858,2702176,2441908,2358426,2507303,2803994
window000002014,727.0827,6.858,1899022,1781005,1517922,1770475,1667705
window000002041,473.5739,6.931,3688562,3442770,3465009,2786571,3127698
window000002042,484.0634,6.916,3484977,3779605,4889260,4378603,5092576
window000002056,345.1551,6.9,919949,853081,827209,699118,841949
window000002066,389.1582,6.9,1676254,1950446,2550064,1380470,1467738
window000002070,133.0207,6.966,121698200,107115800,138410880,98592480,107478216
window000002072,431.0978,6.955,429561888,426763616,485140768,432781568,442716416
window000002079,579.1594,6.976,88842328,84485992,92431056,80507808,80487232
window000002082,753.1313,6.982,34452636,29742782,23995910,22419124,22848658
window000002093,565.1925,6.95,4661961,4666108,5256626,4209072,4501752
window000002094,499.0538,6.942,11316254,10924183,13566373,12400533,12864482
window000002096,279.0509,6.981,210377488,198369504,224031120,176512688,195353088
window000002097,378.976,6.982,17379038,16861546,16056428,17203542,16165236
window000002098,689.1255,6.942,5457984,4453682,3687041,3656997,4605539
window000002103,559.1101,6.972,87447160,93555344,99853744,84756048,96166512
window000002104,711.1362,6.953,10444893,11901685,10719743,10508767,11353023
window000002109,927.16,6.944,2875671,2931860,2608714,2293333,2404348
window000002111,593.1154,6.974,23021102,24635148,29426058,24106672,25249482
window000002115,119.0489,6.982,47659116,47118996,56498748,43295516,49375888
window000002119,863.2092,6.952,8466229,7192777,8716795,10404908,8224656
window000002122,163.0391,6.992,64160520,59189188,74498784,51886508,58423824
window000002123,449.2029,6.958,3080134,3386776,4053699,3079169,3495482
window000002128,859.1939,6.977,44319348,41967260,42990568,37175284,44373520
window000002130,623.1248,6.954,1629411,1825196,1959966,1563879,1974434
window000002134,257.0431,6.978,2366086,2081928,2679165,2222659,2439560
window000002136,115.0022,6.98,5459289,5100494,5949865,4313896,4688357
window000002137,605.2454,6.972,2782634,3090334,3479637,2353912,3052569
window000002142,430.8607,6.958,2479014,2228252,2255058,2378874,2597748
window000002145,668.1387,6.95,3141209,2633423,2140043,3053540,2289075
window000002146,733.1184,6.96,2504372,2720171,3018513,2857568,2988198
window000002148,885.189,6.951,3353811,2334852,3076779,3024955,2563172
window000002150,775.112,6.978,7293926,6813245,6457124,5610452,5599016
window000002151,1011.2419,6.961,4187422,5189002,4576334,4366768,4504904
window000002253,1008.0546,7.054,4236930,3458356,3964810,3950619,3610120
window000002254,567.0369,7.098,2065852,2052566,1852893,1945906,1799019
window000002260,1433.7184,7.052,3189767,3342558,3233280,2443157,3372440
window000002261,429.2128,7.096,6123859,5191446,5513608,5201150,5308496
window000002273,951.2767,7.07,2043459,2023152,1960667,2014463,1767756
window000002274,463.0891,7.114,27433150,27502382,30947284,26794990,27444678
window000002277,549.2546,7.103,6298460,6030310,6980982,5371321,6047638
window000002284,467.1668,7.094,3568507,2937190,3067484,2624430,3065150
window000002292,531.0531,7.116,1762744,1335234,1492867,1443474,1562449
window000002299,610.1735,7.12,2060036,1984426,2094190,1761010,2033067
window000002300,377.1815,7.128,5642016,5715172,5746146,5776086,6205426
window000002311,309.0616,7.18,27721282,26780686,28790630,24272910,25798220
window000002326,551.2668,7.186,4093968,4245914,4453040,4022706,4232869
window000002329,417.2133,7.141,1069777,1162017,1082644,953562,1210229
window000002333,447.0931,7.149,291246,251389,265742,241477,285255
window000002334,193.05,7.211,29332134,28959548,31577666,26957512,28294604
window000002337,178.0263,7.194,1879644,1862076,2070714,1737025,1837062
window000002340,134.0363,7.209,5470726,5435535,5973576,5059198,5525782
window000002341,377.0491,7.209,5140367,4974460,5146824,4667092,4694530
window000002343,453.9844,7.201,1333696,1241487,1287027,1280068,1183912
window000002347,408.9867,7.204,1422242,1334590,1575283,1327836,1304222
window000002348,371.0985,7.193,920523,985807,992549,898990,1023708
window000002349,417.1042,7.193,1148542,1176066,1100679,1070434,1100478
window000002354,399.0309,7.202,793538,766350,700719,780283,700595
window000002359,783.1422,7.22,614599,571172,520477,485860,523074
window000002364,149.0598,7.208,696318,753682,725112,654444,732840
window000002366,425.9894,7.203,622351,575274,512225,565250,634740
window000002369,303.0511,7.208,425515,454846,527617,448965,513391
window000002372,503.25,7.205,374206,424528,326005,304864,413323
window000002379,661.139,7.213,980016,996429,994889,831544,1068322
window000002386,394.039,7.209,287645,307489,303043,271919,241451
window000002388,461.109,7.226,937771,1008642,923452,831025,879271
window000002406,441.1982,7.269,4968256,4824308,5058762,4273555,4855558
window000002410,407.1883,7.281,764556,692963,773072,626882,661144
window000002412,326.1036,7.312,3977024,3962602,4063922,3455574,3696954
window000002413,199.0969,7.326,574089,625262,598841,484473,531069
window000002416,471.187,7.296,913700,818693,844386,758932,834700
window000002421,393.2133,7.296,642122,545657,652297,547769,591862
window000002422,425.182,7.296,446941,394645,410710,430201,408769
window000002425,461.1585,7.298,328761,439715,430248,420588,415706
window000002426,309.0617,7.35,14217449,14660915,14207291,11834185,13921993
window000002429,331.1533,7.319,230414,242133,267943,196339,277742
window000002431,134.0362,7.348,1606103,1937019,1647063,1416844,1647510
window000002432,193.0499,7.345,4364904,4651350,4455922,3815218,4250969
window000002433,245.093,7.319,759653,839528,769817,758331,710522
window000002434,433.0774,7.339,8552866,8195506,8072814,7258283,8300212
window000002440,331.0436,7.342,973775,1012184,980636,861793,954533
window000002441,591.2296,7.341,755728,717792,748210,711936,716154
window000002448,287.0537,7.342,671286,610350,743433,640305,598977
window000002450,501.0661,7.335,540764,481578,495203,469816,479385
window000002455,337.1505,7.351,669144,645380,647576,525971,625978
window000002458,319.1061,7.349,552842,518992,511830,462232,534762
window000002459,505.2659,7.424,1131027,1033763,1141564,927252,1151976
window000002460,493.2471,7.374,1187682,1049253,1070056,967066,1068651
window000002462,431.1874,7.419,2466806,1988010,1833556,2310036,2153916
window000002464,549.0888,7.405,7325293,7303864,7396876,6288134,7047932
window000002467,505.0985,7.406,6363106,6405756,7252119,5585750,6043552
window000002470,533.1649,7.399,1177171,1083027,1095712,1018388,1115308
window000002471,648.0051,7.395,307522,269284,252679,303186,323818
window000002476,489.1768,7.398,898772,726922,862341,736937,808691
window000002477,593.1515,7.449,234058096,224862896,236145184,214216112,247319280
window000002482,579.1361,7.464,427339,410656,456694,432923,464134
window000002486,571.0702,7.404,468981,531926,522450,452188,475030
window000002487,355.1033,7.437,1421252,1174342,1352411,1203007,1325065
window000002488,151.0496,7.42,1483501,1421622,1506704,1241588,1600700
window000002491,661.1393,7.426,13314811,13008513,13838663,12795749,14860547
window000002492,631.1259,7.419,625690,714424,807517,831089,877023
window000002493,593.5361,7.418,1184201,1128473,953196,939008,1193278
window000002494,723.1102,7.417,692045,790453,745276,679253,777613
window000002495,237.0401,7.416,748671,549716,646240,573668,617376
window000002498,839.3357,7.423,1024248,1114146,1461323,1116195,1142814
window000002502,401.1091,7.433,1377186,1098314,1115385,940612,1168089
window000002503,692.0686,7.422,2935976,3434672,2884217,3117322,3514180
window000002504,249.0614,7.422,1008550,992880,998524,881028,1062271
window000002505,656.1473,7.422,5321096,4828432,5299468,4177289,4617348
window000002507,729.1266,7.419,1371553,1101604,1419194,1397969,1323840
window000002508,629.1282,7.419,1830162,2362715,2256232,2689864,2878810
window000002510,391.0645,7.431,558389,639609,872535,610633,645674
window000002512,467.0807,7.432,465436,542944,590918,525033,623710
window000002516,707.1462,7.42,1637295,1605706,1742230,1697245,1930665
window000002520,323.0775,7.449,737906,618758,721173,642891,722605
window000002522,569.2242,7.452,7855945,6967840,7000870,6737542,7598272
window000002525,677.1112,7.417,446172,394123,414316,398946,471489
window000002527,429.1767,7.47,28124732,27391470,28987108,25509448,27589894
window000002532,358.1144,7.438,1216788,1223619,1145587,929517,1163195
window000002538,523.2182,7.453,3845655,3223961,3554168,3084401,3526477
window000002541,681.2397,7.467,1246186,1122957,1127130,1167529,1273454
window000002545,559.2173,7.47,669292,710850,747317,780250,869464
window000002547,497.1646,7.468,2605952,2489540,2497189,2268891,2556080
window000002550,585.3497,7.467,893125,809917,773143,759166,836038
window000002551,586.214,7.453,880138,638046,831415,663105,750699
window000002552,433.0777,7.451,508994,546608,602019,453474,515763
window000002554,447.0931,7.476,11281049,11414934,10121620,11688296,12656298
window000002557,435.1298,7.482,1956950,2041341,1911219,1679815,2085460
window000002559,515.0993,7.478,741133,765092,616221,756391,787909
window000002560,565.1727,7.477,1141203,1009856,990190,886006,1012736
window000002561,482.0883,7.477,813910,735082,729837,673132,723633
window000002565,622.1357,7.472,260635,160207,173507,180218,226989
window000002568,529.081,7.474,299223,262902,312446,288741,265456
window000002574,403.1506,7.52,4638772,4612888,4824482,4103966,4747705
window000002575,243.0662,7.492,262085,232982,243635,224219,247765
window000002576,451.125,7.505,391828,396729,444724,355216,424692
window000002577,517.144,7.523,494686,571206,465101,434325,605462
window000002578,466.146,7.523,749888,734807,778599,604053,696954
window000002580,653.1717,7.568,2806077,2657399,2553665,2324423,2666783
window000002582,415.1977,7.556,1997360,1812992,1615231,1872012,1822103
window000002586,347.1712,7.556,1732889,1515179,1834271,1487622,1580826
window000002588,623.1621,7.578,14424115,13661807,13480491,11912188,13334141
window000002592,173.0811,7.547,271413,240504,287817,212049,235018
window000002593,387.1299,7.545,307628,259281,247877,218010,236606
window000002596,837.3216,7.581,1115016,1051602,1203437,982869,1222228
window000002598,519.1871,7.591,7263496,6881073,7216940,6432736,7123047
window000002601,565.1923,7.592,5056178,4968916,5002746,4464375,5066168
window000002602,279.1237,7.571,932700,922879,872956,751854,880118
window000002605,691.1501,7.571,1166840,1101150,1132931,1035243,1191432
window000002606,659.1393,7.571,177718,215911,226812,247892,256000
window000002608,607.1304,7.586,3182920,3232856,3519655,2736826,3023558
window000002609,379.197,7.592,1045484,998314,1077646,973011,1073799
window000002611,587.232,7.588,435439,516036,474368,389865,530220
window000002614,519.2439,7.59,1750991,1941619,1814144,1771100,1937553
window000002615,281.01,7.593,106647,184082,243077,432799,400249
window000002618,461.0729,7.696,936305472,924508352,957902912,870596672,925581568
window000002619,555.164,7.604,626981,718778,848559,762373,760360
window000002622,373.1402,7.615,12168491,12708969,13831557,9474503,12477961
window000002623,309.9633,7.601,149479,267568,287178,678918,618902
window000002624,383.1712,7.592,328008,318503,316388,276456,294014
window000002628,605.1875,7.623,1142462,1289380,1388320,1525416,1640234
window000002629,582.183,7.607,620736,611098,709531,603153,604372
window000002630,567.1389,7.601,261577,251319,225602,283804,286703
window000002636,487.1338,7.611,1301674,1459703,1378964,1082477,1506749
window000002638,436.1363,7.618,2509022,2636939,3063804,2041806,2438657
window000002639,415.1244,7.617,1262849,1207991,1467872,1138429,1274041
window000002640,409.1171,7.615,1072990,1657775,1747241,1451158,1877051
window000002645,549.125,7.636,13436272,14287340,13802783,13196472,14346189
window000002646,403.1148,7.633,3957463,3554204,3855903,3573862,3851343
window000002668,472.0615,7.675,12801649,12664148,13654466,13382416,14126155
window000002670,560.9967,7.698,25059050,23825546,25744384,25880250,24711360
window000002675,285.0399,7.703,26215274,25230244,27137702,22866780,25715496
window000002680,461.3367,7.683,5222628,4227138,5348516,4525474,4534648
window000002689,923.1535,7.679,281888256,263425328,299114656,249387216,269182528
window000002690,447.077,7.678,8510911,7910288,7799558,8361934,8772452
window000002698,945.134,7.677,14687735,13221819,15116575,13857609,15446715
window000002699,692.1128,7.674,106197328,112550888,103208192,99171520,116989288
window000002706,692.6153,7.68,77289088,73312056,70184888,70910976,82665184
window000002707,934.6469,7.672,6254570,7094464,7224027,7207304,5970644
window000002712,703.1043,7.676,7709271,6215954,7199611,10059678,8085351
window000002716,919.1583,7.698,7775484,6412506,9514365,7365504,9338957
window000002719,923.6544,7.673,59295484,66432548,62325360,59300460,64874868
window000002737,934.1441,7.676,7925988,8217208,6752400,7617779,7182436
window000002747,1154.6954,7.674,41313436,42168248,44329248,38539548,45527572
window000002750,909.1739,7.674,2006586,2142830,1786597,2276464,2533264
window000002764,1386.236,7.675,16457987,13348486,15391378,13001564,15954951
window000002790,326.1035,7.733,4878454,4534000,4953446,4377504,4549088
window000002809,565.1923,7.763,3432972,3446577,3405429,3005632,3297733
window000002813,363.1662,7.739,2021773,2116907,2099537,1866075,2081230
window000002819,439.182,7.732,415488,456725,434823,401665,443558
window000002821,853.3149,7.792,820189,821601,826347,798954,876563
window000002824,371.1347,7.767,3836889,3685630,3752200,3060744,3550339
window000002826,579.1543,7.801,392240,398851,479777,400909,408480
window000002827,579.2083,7.763,686658,728562,694428,637554,633628
window000002835,393.1169,7.766,690886,643832,734153,567312,653822
window000002836,437.1067,7.767,485876,522853,470170,411900,460324
window000002839,365.1818,7.79,348883,325360,315766,332674,368242
window000002846,465.1981,7.806,11525610,11362517,11730137,10603244,11605797
window000002848,323.0951,7.805,250156,265040,252180,245526,255072
window000002849,533.1953,7.803,326984,296813,297194,289905,340432
window000002850,629.2662,7.793,1023813,1010631,960669,854828,942163
window000002851,131.0521,7.81,864168,927181,986965,787716,837010
window000002853,698.2574,7.79,315755,289827,314591,264502,286510
window000002854,173.0811,7.813,692229,704912,722672,644471,741939
window000002856,653.1728,7.797,273682,317587,294633,236188,364780
window000002857,693.2782,7.815,387107,442880,495276,377090,377886
window000002860,395.1924,7.83,259036,294322,265960,236199,278277
window000002862,855.33,7.82,411621,425234,394529,353970,436193
window000002864,741.2619,7.835,884997,804601,882347,715404,891135
window000002866,433.108,7.872,1727591,1746920,1672270,1407700,1682836
window000002867,565.3234,7.826,452713,450388,427118,398957,468902
window000002868,475.2366,7.86,4274223,4332356,4662302,3879747,4285219
window000002873,429.1767,7.896,4751470,4523231,4820735,4188835,4602543
window000002875,521.2604,7.868,2317058,2492270,2850572,2213303,2384102
window000002876,519.2446,7.866,2864892,3114244,3028842,2651420,3036056
window000002881,686.2575,7.868,349271,336987,393016,317478,387795
window000002882,512.2039,7.867,360969,392037,335448,326419,392709
window000002886,489.1041,7.909,28144398,26053386,30208246,24787280,25696864
window000002888,551.1409,7.921,5794374,5630654,5766168,5324788,6019345
window000002891,513.0653,7.903,1894200,2001435,1924957,1758285,1942938
window000002898,315.0506,7.903,557488,499934,472312,436453,501555
window000002904,511.086,7.918,1273768,1193511,1315818,1180176,1261333
window000002905,237.0765,7.913,803965,798774,698407,702685,729494
window000003014,589.2315,8.043,1132193,1223286,1286071,1114022,1159387
window000003015,417.0829,8.035,1767522,1774912,1622546,1681572,1815510
window000003018,385.1325,8.073,3519094,3656680,3656847,3374185,3759170
window000003019,207.0657,8.056,1814452,1989648,1901327,1745793,2009178
window000003020,147.0441,8.053,1169677,1215927,1347696,996484,1208835
window000003021,403.1147,8.044,707638,712802,749188,614430,691098
window000003022,165.0548,8.056,1389255,1265793,1428912,1187013,1269091
window000003025,395.1922,8.047,778445,751884,744966,712951,786189
window000003026,563.2135,8.084,777555,714345,750254,682700,663510
window000003027,187.0969,8.099,6235616,6435847,7799892,6130256,6308546
window000003029,321.1555,8.055,641600,674461,681546,658503,664603
window000003030,533.0939,8.107,25094104,24703078,23784876,22504850,24837890
window000003032,489.0997,8.11,29396688,28175826,29439384,24245148,27061806
window000003033,839.3323,8.091,956577,934844,1002830,909624,817000
window000003036,209.079,8.09,894208,1016931,1046934,993235,959496
window000003037,367.1974,8.08,1553062,1582682,1532806,1473602,1489130
window000003039,633.0182,8.101,938565,811477,964278,763996,775728
window000003040,125.0961,8.087,669554,740552,775062,701309,745345
window000003044,511.0858,8.097,1420520,1564227,1396178,1383640,1296473
window000003045,623.0635,8.093,581292,632766,578420,605960,589372
window000003048,349.1868,8.103,610874,658749,707712,596770,619074
window000003053,475.0897,8.107,928518,783486,956120,796383,850873
window000003068,517.2289,8.181,686379,749994,713415,677420,733245
window000003070,654.3632,8.194,235910,226844,233661,201723,243628
window000003072,677.2843,8.175,486412,556647,606060,422778,505812
window000003073,351.1663,8.184,368308,369713,388821,314296,362613
window000003074,505.0991,8.191,818033,822406,762918,652776,953173
window000003082,243.1237,8.212,976587,1013325,1010221,883255,1069564
window000003083,663.2872,8.204,410233,470065,438968,366909,397440
window000003085,287.0563,8.234,1754619,1860598,1843335,1563361,1888251
window000003087,429.1769,8.239,13433199,13645891,13100620,11977400,14118705
window000003090,525.1949,8.271,823234,901129,847620,671466,876660
window000003094,435.1297,8.247,1400275,1470075,1374012,1317837,1438628
window000003095,621.2192,8.264,645833,602271,672636,539795,616178
window000003097,427.1975,8.243,518914,509194,431925,467702,502786
window000003098,482.0881,8.244,295722,324553,315001,305057,343234
window000003102,563.3077,8.262,536724,546142,515384,446904,499988
window000003103,497.1644,8.253,1223395,1199895,1108512,1025336,1196006
window000003107,481.1354,8.247,324424,291640,310573,278948,322787
window000003114,747.2838,8.284,821328,745283,746558,700407,774248
window000003121,475.2374,8.289,1157899,1131996,1296507,973098,1198170
window000003123,476.2411,8.29,324398,303456,361348,227185,314599
window000003124,267.0722,8.3,417921,507792,473435,367100,482213
window000003125,521.2608,8.289,533336,520263,639735,477308,600745
window000003134,593.2821,8.312,493915,500205,482166,471103,531594
window000003136,561.198,8.351,2566638,2455803,2627842,2309600,2392531
window000003146,605.188,8.351,558462,528568,526774,476120,568071
window000003148,403.1512,8.338,690588,995774,1420200,413660,784462
window000003149,465.198,8.347,1060942,1037460,1121087,968477,1107550
window000003152,193.05,8.368,1155678,1137386,874670,1142312,1673837
window000003155,675.2681,8.354,355528,267189,259903,254885,211583
window000003156,435.2237,8.371,980687,886424,934814,772006,889652
window000003157,371.1349,8.367,656002,569572,465921,611302,725579
window000003159,357.1343,8.374,347577,338465,413524,319324,342470
window000003160,493.2658,8.385,1105081,1096928,1109713,982949,1078742
window000003161,447.2601,8.379,494829,478781,485245,435281,464027
window000003165,457.2081,8.426,4881632,4535505,5165672,4299290,4582954
window000003166,221.0663,8.431,443001,376372,422951,333503,474633
window000003170,665.3032,8.436,1221502,1196879,1413058,1192870,1239372
window000003172,411.2025,8.426,3134308,3206943,3288994,2857944,3296333
window000003176,317.0668,8.412,331133,329661,280148,234350,315019
window000003177,523.1803,8.431,775590,847547,774079,705533,813633
window000003178,521.1302,8.437,1528213,1501723,1558214,1396246,1492386
window000003181,587.2338,8.451,2316492,2236488,2377094,2113078,2345311
window000003184,621.3133,8.426,248224,256211,304462,217260,242544
window000003187,629.2661,8.453,1066373,1105246,1053130,1024049,1129770
window000003189,463.2559,8.503,28009930,27504454,28006958,24267080,28110516
window000003192,679.2849,8.489,3960824,3733829,4171142,3265952,4128184
window000003196,453.2263,8.497,1647989,1997147,2043069,1872868,2375902
window000003197,531.2438,8.497,1138795,1176748,1114759,1016546,1270466
window000003198,405.2132,8.487,1581567,1523184,1471332,1390341,1571829
window000003199,433.1717,8.48,411683,446170,464157,369695,410162
window000003202,582.2793,8.501,1880480,1779412,1829475,1474951,1823960
window000003203,417.2315,8.507,1862652,1757781,2140851,1671622,1931444
window000003205,481.2487,8.495,254168,256774,245689,217045,265729
window000003206,403.1512,8.51,782706,1137455,1516597,516424,927616
window000003210,533.0905,8.54,174438,169351,172597,175139,200179
window000003215,677.2824,8.56,6471244,6706400,7086036,5725596,6831563
window000003217,509.1889,8.545,1366540,1102931,1284102,1083760,1159692
window000003219,245.1393,8.56,920552,908040,920823,763738,809377
window000003220,519.078,8.56,411969,462673,479081,440257,442705
window000003223,653.1366,8.571,458471,458007,516388,379069,488906
window000003227,545.1879,8.584,1333129,1308782,1444914,1171161,1344654
window000003228,483.2212,8.591,7457050,7562422,8334402,6600084,7639084
window000003230,475.0895,8.605,3870106,4153604,3920523,3905114,4775808
window000003231,499.1814,8.588,282057,266398,267691,230959,245243
window000003233,190.0503,8.603,901299,884856,912840,752209,874280
window000003234,523.1798,8.594,379119,381507,412048,363799,438852
window000003235,543.0757,8.607,222408,240648,230840,217397,264717
window000003245,345.1506,8.629,193495,226227,227142,175999,184982
window000003246,431.0983,8.663,1551521,1425828,1484871,1970642,1440574
window000003249,421.2089,8.684,57994320,48540868,54159936,58896948,58273688
window000003250,467.2142,8.714,426912384,405380864,414600896,458164032,464959456
window000003254,707.2758,8.662,977327,862747,585597,670714,915818
window000003256,655.3083,8.681,5321160,4399586,4628665,4258149,4517404
window000003263,457.1965,8.68,13198996,16396754,18070176,20799550,20297748
window000003278,535.2009,8.689,12029736,13536048,11538185,14727953,14983187
window000003283,566.1303,8.687,3354858,3595776,2518788,3368218,3467790
window000003288,521.1319,8.686,2112437,2246938,2399066,2502943,2436385
window000003291,467.4824,8.692,2410481,2129690,2352988,2005374,2642798
window000003293,484.2035,8.687,10662527,9807470,10323217,10673987,10629250
window000003294,634.1177,8.684,792736,876002,659118,858628,764182
window000003295,603.1887,8.683,1198928,1264583,1017948,1062586,1281770
window000003299,509.2238,8.684,1040867,846012,1036082,1162923,727922
window000003312,333.1093,8.714,9243728,8813589,9119226,8215792,9710303
window000003314,289.1424,8.709,2345343,2013520,1965170,1802328,1888310
window000003320,401.0966,8.71,797538,708957,812998,753240,782948
window000003324,579.2079,8.772,10450331,10112336,11317816,9213508,10571676
window000003327,581.2192,8.765,2349815,2392626,2326404,2082552,2269274
window000003331,403.0973,8.753,198796,227138,268440,156844,247720
window000003333,471.0751,8.842,2187045,2025424,2281700,1865524,2090570
window000003334,517.2841,8.775,334665,340043,348740,307598,315350
window000003336,640.3028,8.751,384879,377509,434860,333562,414076
window000003339,569.1798,8.774,442181,586855,660662,657726,634427
window000003343,477.2345,8.785,1544689,1328894,1387710,1247133,1451923
window000003344,269.1577,8.79,393659,351108,382855,319243,374352
window000003345,277.0354,8.891,5719534,5154788,6342894,4885257,5493756
window000003349,441.083,8.912,18396006,16756061,19393014,16404627,18059000
window000003351,459.2238,8.821,4179980,3885141,4313848,3488844,3803333
window000003355,621.2769,8.809,818186,812640,920758,712673,847806
window000003356,509.0702,8.908,2085037,2047196,2127200,1925559,2023633
window000003357,229.0616,8.828,241760,225680,196820,167792,213588
window000003361,629.209,8.846,1124793,1011890,1053214,976585,1033278
window000003362,459.0939,8.841,1082822,1128051,1241002,960517,1063738
window000003364,445.1142,8.837,463087,437688,497160,382378,467656
window000003365,697.2359,8.858,4338673,4266962,4370614,3833204,4211623
window000003366,467.2138,8.884,12042632,12330304,12266592,10597352,11120480
window000003367,243.1237,8.845,463379,464402,492852,412987,486677
window000003370,655.2825,8.842,326419,321828,351536,327385,274646
window000003371,575.2709,8.857,3096970,3072398,3271744,2730110,2927038
window000003373,559.2197,8.876,695469,632556,587082,655304,636543
window000003379,539.9994,8.895,404297,316131,392767,346850,348400
window000003380,647.3117,8.894,5356951,5441612,5254646,5247864,5202964
window000003384,491.2321,8.884,6821798,6331470,6176614,6558575,6652414
window000003386,387.1562,8.868,661346,664521,607775,525476,673011
window000003393,582.2793,8.887,1082406,1026721,958518,975410,960369
window000003397,351.166,8.901,1570657,1349563,1520754,1301874,1303395
window000003401,305.1607,8.901,381524,424511,461603,377591,371549
window000003403,653.3109,8.946,3833299,3716806,3771016,3142154,3382936
window000003404,710.3068,8.932,619406,575641,734468,573421,666262
window000003405,709.2864,8.944,711302,664331,639651,557690,677250
window000003407,676.3126,8.945,4504608,4278432,5104639,4089085,4117860
window000003411,698.3075,8.934,1550275,1535487,1351601,1438490,1392001
window000003418,199.0969,8.962,359175,374571,399068,351042,372706
window000003420,524.2038,8.954,1255508,1292966,1313872,1137796,1411356
window000003423,367.1035,8.959,302742,310061,335912,275884,287401
window000003424,145.0285,9,4121756,4142105,3959488,3512680,4087788
window000003425,293.0488,9.007,4527689,4333720,4554265,4055646,4257988
window000003428,451.174,8.985,641478,563980,499249,667347,599795
window000003430,361.0546,9.01,513509,521327,506233,467194,539087
window000003431,117.0335,8.996,1546212,1521292,1476274,1431015,1582180
window000003432,315.0489,8.996,985013,875140,898492,812915,945639
window000003433,261.0405,8.994,652231,666120,698378,611004,755583
window000003435,463.2375,9.03,5839824,5779244,6013740,5237032,5896519
window000003437,697.2349,9.014,1185609,1219000,1390902,1102043,1210920
window000003439,661.3076,8.997,511147,464035,528771,362351,434142
window000003440,417.2316,9.038,745840,647696,767276,613907,715667
window000003442,453.2197,9.032,433811,512588,550630,468879,621941
window000003444,501.1041,9.088,834903,783735,916356,766429,806365
window000003447,609.2191,9.024,336813,365779,408982,332829,384266
window000003449,371.125,9.033,704223,749535,809352,599550,734727
window000003451,505.2661,9.06,5178486,5299081,5946737,4499798,4895735
window000003454,471.0933,9.166,1621684,1582377,1753755,1471891,1579651
window000003455,339.0723,9.049,317605,332195,328696,326643,318481
window000003457,459.2423,9.069,9370123,9741568,10431416,8329172,9131541
window000003462,571.2377,9.066,1309888,1401082,1362347,1159979,1317603
window000003465,445.1141,9.067,346781,361258,371905,282778,368785
window000003472,667.3083,9.139,3672024,3490006,3782625,3025190,3550665
window000003473,495.2622,9.124,183637,170160,184406,137183,206553
window000003475,668.3143,9.162,3604820,3297495,3858039,3016996,3417847
window000003476,645.7966,9.149,2233509,2305262,2308692,1794212,1854714
window000003480,524.2038,9.126,1499982,1563529,1757905,1234561,1554002
window000003481,489.2709,9.132,847346,859705,852439,737706,895705
window000003482,645.3134,9.161,3119524,3081530,3075970,2562326,3133613
window000003489,267.1239,9.173,929459,957478,865838,899526,949922
window000003490,536.2038,9.162,305206,369991,371912,323891,347393
window000003491,269.0663,9.191,197573,203727,233980,180135,225870
window000003497,525.2301,9.201,1183508,1070888,1247619,1066406,1062140
window000003499,535.073,9.205,1683950,1820284,1966776,1594963,1790914
window000003504,647.2917,9.203,834838,943032,899212,858596,876679
window000003507,718.3061,9.211,305308,284073,275830,212509,221207
window000003508,221.0663,9.244,498028,534467,497352,478704,517681
window000003509,267.0722,9.212,578437,673572,586219,560220,565266
window000003511,349.1868,9.216,496806,499586,466042,423529,485787
window000003514,771.385,9.252,1185368,1128445,1250618,1018537,1022129
window000003515,469.2292,9.268,4656652,4240698,4499678,3963562,4419660
window000003520,1135.5557,9.25,179113,201418,196872,177592,186962
window000003521,379.1976,9.256,756906,674604,666780,746915,801605
window000003522,590.2765,9.249,529980,456732,568840,488225,521419
window000003523,503.2501,9.286,4614874,4380644,4749553,3559394,4272001
window000003524,213.1128,9.276,2000889,1860577,1950782,1515347,1836119
window000003526,457.2446,9.291,3622709,3435608,3449046,2864462,3334464
window000003528,401.2182,9.286,1132725,1115321,1171768,979071,1101249
window000003529,281.12,9.284,201823,181030,189301,171484,192098
window000003530,413.1456,9.282,3745524,3538660,3587693,2885379,3163922
window000003533,148.052,9.282,1628750,1627586,1486461,1469851,1590759
window000003534,367.1399,9.282,1270324,1298154,1413208,1113813,1317816
window000003539,479.1173,9.28,678888,666470,669223,566051,611868
window000003540,249.0616,9.28,671941,632248,677343,561096,648633
window000003541,519.078,9.279,797227,614834,714777,616089,634124
window000003545,435.1273,9.281,464976,468450,572210,391614,440604
window000003547,389.182,9.308,5576860,5434388,5593580,4846890,5555151
window000003550,441.0829,9.389,10351142,10173268,11348554,9227555,10709367
window000003553,803.3156,9.293,1086099,1013241,1095600,797440,1111074
window000003555,600.1515,9.284,300143,249694,259980,213946,226523
window000003556,621.2193,9.348,410548,345478,370985,316274,352094
window000003557,553.2135,9.301,615903,635585,689950,516014,609213
window000003560,411.1662,9.35,622349,613942,660154,618386,658774
window000003561,277.0354,9.381,2866344,2687054,3232738,2506940,2714834
window000003563,632.3049,9.332,1683324,1465588,1766714,1354273,1475787
window000003565,655.3086,9.347,2995606,2923145,3201326,2643410,2794395
window000003566,678.3109,9.341,584778,760144,573759,557606,626551
window000003568,509.0702,9.386,1182501,1153588,1261359,1050987,1200652
window000003576,697.2352,9.378,1839720,1826113,1884860,1593782,1721530
window000003584,653.209,9.421,1007110,941543,928211,892146,991284
window000003585,491.2861,9.408,628715,667569,655011,600859,654404
window000003587,351.1661,9.415,2238553,2030403,2052261,1925550,2195568
window000003591,201.1127,9.43,1499216,1563083,1778190,1555788,1489770
window000003596,493.2293,9.438,24290804,24926400,25356986,22352546,24816956
window000003598,341.1372,9.415,206450,285262,211118,229720,249413
window000003599,447.2238,9.438,2261150,2063882,2442643,1962888,2322375
window000003602,577.2323,9.461,14983600,15220357,15685560,12896674,15036828
window000003607,533.2237,9.453,3761356,3661425,4043243,3151736,3452033
window000003609,483.2003,9.436,585076,839082,803815,761015,819104
window000003612,677.1374,9.452,231828,220081,207512,197180,224569
window000003613,599.1961,9.448,1515340,1710399,1639996,1438390,1603034
window000003615,510.2187,9.438,333114,339877,325934,294930,323003
window000003618,625.1952,9.444,287807,304674,277669,275771,315012
window000003622,465.2708,9.462,259270,251628,266647,206874,240737
window000003623,805.3307,9.496,801189,761843,835405,641014,741335
window000003628,339.0722,9.491,624999,566259,625828,509246,627696
window000003629,285.0405,9.497,805024,831703,854688,714607,867024
window000003630,547.3128,9.511,1214920,1159042,1174554,958638,1093917
window000003631,301.0355,9.535,9854509,9128437,9177246,8735961,9298224
window000003632,589.2686,9.498,975513,932268,963484,845715,1099656
window000003634,299.0198,9.518,658871,677546,527602,617577,760074
window000003635,467.2134,9.509,308744,304966,347864,264845,302322
window000003639,435.2236,9.538,1165277,1072280,1141476,1047538,1089960
window000003641,569.3374,9.577,4257620,4282143,4170449,3950142,4220180
window000003643,471.26,9.563,1231768,1184428,1335219,1024147,1193503
window000003647,523.3489,9.571,1798600,1791936,1773089,1654153,1665228
window000003650,487.0883,9.608,6412138,6354056,6248362,5757106,6154120
window000003651,733.3022,9.574,221762,185460,241205,177941,178928
window000003657,507.2085,9.589,2944623,2732850,2827739,2510576,2710504
window000003658,567.1721,9.579,865091,840453,792704,744625,815667
window000003758,459.2427,9.909,3518452,3625091,3872210,3119187,3346179
window000003760,505.2477,9.928,3694548,3486963,3866632,3148106,3555570
window000003762,485.2383,9.933,772226,831929,850870,664254,721700
window000003763,973.5019,9.905,1240362,1399676,1406045,1133370,1245705
window000003767,447.2418,9.91,212433,223869,213988,210394,212334
window000003786,567.3389,10.038,1296186,1356497,1348473,1211690,1293886
window000003789,635.3278,10.037,227640,248663,224336,204254,225254
window000003791,521.3332,10.045,1250974,1275344,1304184,1038718,1154678
window000003799,449.1929,10.081,293701,318874,472702,292051,312592
window000003802,1087.5705,10.129,1293544,1166955,1325241,1111183,1306535
window000003805,573.2908,10.161,555153,519835,612358,491821,458257
window000003806,221.0662,10.153,205152,232405,217580,188717,195034
window000003807,449.2757,10.141,1047849,1028459,1072919,991606,1029425
window000003809,617.2818,10.15,1133355,1112809,1213186,1004641,1054258
window000003812,445.226,10.165,343237,344411,264616,373831,479308
window000003814,267.0722,10.155,269103,274807,295224,228975,274256
window000003815,614.2762,10.154,549299,527354,562995,472619,540688
window000003818,471.0752,10.197,270464,239017,251683,222310,226184
window000003819,337.187,10.179,232472,226586,216545,314016,344460
window000003827,361.187,10.204,1103085,1098346,764305,1317742,1551326
window000003831,273.077,10.221,323228,276774,207364,249079,266749
window000003835,755.4083,10.341,1069307,1028622,1097250,948321,1041979
window000003836,377.1819,10.295,4663058,4881704,5003602,4240914,4662306
window000003837,357.1537,10.272,186363,193459,243596,170870,187486
window000003839,511.1413,10.268,243694,237044,264375,228695,229696
window000003840,572.2841,10.267,729522,750907,792054,714782,722096
window000003841,595.2871,10.266,587335,551041,555561,489557,503325
window000003843,331.1764,10.288,1144464,1189129,1177515,1052684,1176352
window000003845,399.1637,10.29,631946,707499,712215,561066,660952
window000003847,443.1537,10.287,557819,525637,538842,498423,519756
window000003848,289.1658,10.286,446461,445303,419899,382595,370319
window000003851,855.3665,10.302,755043,794817,828338,671292,701547
window000003855,495.2451,10.317,688269,680175,705913,651769,744851
window000003863,393.177,10.328,623339,669824,699305,513208,552891
window000003864,249.0616,10.324,261294,284525,284703,212160,254535
window000003865,459.1487,10.323,292595,307629,306107,282359,299165
window000003866,1117.5449,10.331,471302,452541,502462,456753,479682
window000003867,277.0934,10.356,608775,815375,1394256,484172,758038
window000003869,323.0989,10.354,318519,492188,730467,295798,444066
window000003873,537.1051,10.385,314439,329300,315820,254575,318767
window000003875,607.334,10.385,1113303,1134173,1124686,947097,1129061
window000003876,221.0815,10.385,1067847,1177508,1149754,909386,1003385
window000003878,575.2712,10.377,490488,508411,503745,488966,561483
window000003880,471.1508,10.381,540196,603406,566687,482016,553217
window000003886,755.3967,10.439,606042,596912,612055,556007,620996
window000003887,475.2264,10.405,705811,678364,738336,677324,741471
window000003888,509.2226,10.415,227010,235057,278145,203208,240651
window000003889,465.2341,10.419,373428,330150,416311,292026,319746
window000003891,463.1246,10.448,199858,220440,203365,169484,167956
window000003892,271.0614,10.465,404178,398770,417099,360772,416689
window000003895,471.2604,10.502,1036156,1023876,1136718,891867,991217
window000003898,447.1875,10.497,1490108,1494730,1603182,1315194,1370233
window000003899,375.1661,10.497,504153,490912,465674,484325,510737
window000003900,971.4867,10.491,240155,233046,237771,217415,226584
window000003907,731.3505,10.589,444684,392832,423414,303116,373701
window000003909,269.0457,10.568,534907,561016,529284,496000,567607
window000003910,349.1869,10.559,471358,444794,481544,389209,433438
window000003911,867.4397,10.59,1109055,1131099,1302804,927029,1159048
window000003913,503.2321,10.592,205339,167247,205493,158446,188846
window000003915,547.2034,10.594,626752,598565,628949,573769,650297
window000003921,606.2793,10.638,2417675,2320452,2675253,2192088,2517276
window000003922,971.4856,10.663,631303,627903,691306,635041,705789
window000003923,379.1975,10.654,1093759,1126190,1177663,1007684,1113542
window000003927,423.2238,10.644,290800,323520,325011,286012,312305
window000003929,267.0301,10.661,412853,436803,403481,406011,432592
window000003932,215.1284,10.706,1307926,1265844,1537273,1236591,1360707
window000003933,661.2719,10.698,2169383,1975103,2330547,1937428,2275732
window000003936,621.2849,10.693,472237,498731,440692,478352,477427
window000003942,441.2495,10.734,1990622,2088331,2015266,1759785,1932927
window000003943,543.3177,10.755,3874240,4200910,4409216,3371708,3909097
window000003944,487.255,10.74,2484708,2590180,2971694,2184069,2360863
window000003945,587.3078,10.758,5532459,5772166,6023085,5111099,5711164
window000003948,285.0406,10.784,14353735,14312478,13294783,12942723,14336235
window000003949,655.2956,10.753,865002,803796,841714,836594,897031
window000003950,283.0249,10.774,2323533,2117418,1874084,1959868,2218584
window000003958,731.3506,10.815,1076982,1078225,1139936,966675,1097682
window000003964,593.2819,10.818,357064,376082,387583,334162,362870
window000003965,243.0661,10.83,205619,227470,232012,198484,197162
window000003966,493.1512,10.841,1104510,1132506,1175855,1092307,1076440
window000003969,443.2287,10.839,255689,263729,275788,220686,218082
window000003971,403.1975,10.864,21988566,21816930,22437128,18659364,22486702
window000003972,546.1045,10.866,711841,823296,770766,620394,817736
window000003974,425.1796,10.867,2541416,2431591,2776976,2083831,2747764
window000003975,357.192,10.867,5588414,5186924,5672353,4834146,5308856
window000003976,437.1584,10.861,139888,207443,200060,194398,213926
window000003978,803.3156,10.875,533843,580686,527468,444343,563543
window000003979,469.169,10.869,2170066,2240973,2276279,1961486,2330448
window000003980,501.1066,10.866,1268942,1271832,1433539,927971,1258025
window000003981,315.1812,10.864,1434888,1438173,1529799,1357701,1524826
window000003982,537.1571,10.864,962711,841112,947407,796162,923693
window000003984,855.3661,10.862,392426,378800,408398,354112,428496
window000003985,475.2185,10.878,2978758,2756371,3239482,2745996,3015497
window000003988,805.3829,10.862,274260,309466,324355,195922,289388
window000003989,429.2133,10.873,738174,769073,847273,701014,859121
window000003991,487.2549,10.898,2219266,2274393,2438108,1848697,2156417
window000003993,441.2495,10.9,1417574,1473001,1466521,1223456,1460110
window000003996,695.3231,10.921,582374,738997,630383,542693,475332
window000003997,718.3246,10.928,4941726,4932416,5393620,4108658,4877212
window000003998,741.3272,10.923,1595336,1410131,1490425,1306384,1454663
window000004002,383.2078,10.96,1103027,1150134,1127353,937604,1091448
window000004003,544.3211,10.964,251054,262145,262979,229535,234182
window000004005,407.2653,10.982,738339,716059,805977,629028,694189
window000004007,415.1976,10.993,266607,264389,309421,210906,247906
window000004008,1013.4981,11.021,722479,638500,706067,638133,637878
window000004012,379.1976,11.057,3632701,3674658,3789590,3148144,3430070
window000004013,315.0514,11.055,216551,183862,184112,168976,193432
window000004014,747.3456,11.048,1869136,1782902,1850698,1579646,1640880
window000004016,477.0872,11.046,258384,221649,275416,205894,218701
window000004017,501.3071,11.044,441383,377088,429350,362822,367079
window000004018,547.3128,11.048,486681,523771,499177,396846,500641
window000004019,969.4714,11.063,1053267,980012,974398,866753,904003
window000004020,525.1978,11.047,352978,327797,323171,305704,340168
window000004021,333.192,11.052,854500,905290,956348,768658,871081
window000004022,401.1794,11.052,571606,561451,578317,469405,508508
window000004023,291.1816,11.05,529164,552846,585396,537109,533398
window000004025,445.1694,11.052,411856,479652,479234,438147,425377
window000004027,359.1703,11.094,485050,484313,530166,445366,476359
window000004038,710.3266,11.134,1457422,1502750,1470146,1283645,1445032
window000004039,361.187,11.118,367210,378934,342892,384976,369406
window000004040,837.3556,11.13,497521,475296,496990,448866,491474
window000004042,242.1761,11.188,4151636,4773134,3769137,4024391,4914454
window000004044,719.3496,11.176,266316,224335,317020,214377,190592
window000004047,543.3175,11.213,1321509,1166560,1258198,1146146,1181900
window000004055,447.1299,11.25,2660780,2793254,2825340,2399077,2565082
window000004057,809.4335,11.267,1144090,1142519,1197814,1015343,1048965
window000004059,183.1384,11.274,818292,799087,802000,696970,823679
window000004061,403.1974,11.276,408688,416151,452738,337110,406788
window000004062,227.1286,11.272,1104075,1157302,1176228,987286,1120784
window000004063,455.0985,11.272,359692,349784,365184,300432,314199
window000004067,421.2445,11.33,741488,726277,831084,710188,791266
window000004068,679.2832,11.333,374373,383721,440298,361944,361029
window000004073,661.2721,11.377,261107,256431,285233,219293,285037
window000004076,593.3549,11.448,1103583,1117605,1115885,1069695,1065542
window000004077,695.322,11.455,402308,398438,508821,373916,406182
window000004081,329.2335,11.526,979636,975220,1103202,898066,940436
window000004084,257.082,11.505,553913,496422,393325,531875,516565
window000004085,533.2604,11.509,499411,508267,498930,450211,518092
window000004086,807.4173,11.53,923407,949544,946516,843751,943722
window000004089,675.2879,11.542,295305,293791,334455,275833,296095
window000004090,485.2394,11.572,268237,257797,298271,207107,271658
window000004093,543.3173,11.598,547925,503229,559534,454186,460793
window000004100,1083.5395,11.647,926762,921286,1022155,889424,874380
window000004101,747.3457,11.676,557604,560801,502197,478144,528325
window000004103,1129.5455,11.651,639822,548776,672175,541726,628546
window000004105,499.2552,11.698,300840,305940,331011,260025,273066
window000004110,309.1709,11.823,10960689,10972293,11989068,10349736,10957505
window000004112,1229.5968,11.791,7058968,7041485,7736147,6584919,7309570
window000004113,331.1529,11.791,612760,649650,641865,570005,653636
window000004115,399.14,11.788,268500,239503,284476,209693,247577
window000004116,237.113,11.838,861479,815054,862059,760014,849034
window000004121,425.2184,11.87,618243,533747,665896,525031,478281
window000004123,229.1442,11.903,1009558,1016933,1254842,1061387,1084773
window000004127,431.2287,11.938,448101,420066,1104543,458065,458634
window000004131,619.2516,11.951,330068,378346,323139,319593,346584
window000004132,287.2048,11.97,790822,811841,833625,780471,814887
window000004135,635.2995,11.989,1627477,1490305,1876597,1495696,1443210
window000004137,1213.6024,11.989,1808152,1755923,1596999,1517242,1618829
window000004140,445.2445,12.04,1894248,1834282,1169822,2264427,2398288
window000004141,1081.523,12.037,2911468,2922048,2991195,2666382,2754073
window000004155,282.0389,12.166,237527,184926,227377,153837,199069
window000004156,334.0097,12.164,191599,228390,295553,214689,213106
window000004157,362.0489,12.162,201001,200759,210217,159285,189830
window000004159,309.1891,12.173,218515,219698,193347,144235,171939
window000004160,299.0413,12.167,647082,619631,661198,581987,603030
window000004162,380.0152,12.162,364771,399172,437248,412821,440389
window000004163,373.1422,12.161,413341,379629,340532,315525,348379
window000004167,183.1202,12.195,307150,307283,340911,348703,268897
window000004170,289.1058,12.199,535616,538734,545364,552135,640729
window000004171,227.1285,12.224,611122,708690,677036,647972,598888
window000004172,867.4022,12.204,285060,308300,305812,296012,269293
window000004173,221.0921,12.216,1260394,1165525,1122908,1044561,1113680
window000004176,557.2602,12.212,482955,455364,529055,392427,467035
window000004177,487.2552,12.256,35396660,35628140,38205792,34659836,33046836
window000004178,1081.5235,12.226,1989710,1933426,2028706,1714484,1811044
window000004179,621.2336,12.241,867655,838348,789712,797311,826824
window000004181,630.1622,12.24,543221,493227,514319,455349,610081
window000004182,441.2495,12.249,8066176,7867904,8466973,7829924,8250062
window000004184,487.5407,12.235,196108,157020,204592,194983,169260
window000004185,321.1708,12.223,314973,317437,364028,317231,274466
window000004186,553.2269,12.242,2811374,2725088,2795936,2812092,2642464
window000004187,559.2764,12.239,4960970,4783257,5211120,5361655,5514329
window000004193,509.2366,12.235,1649411,1465615,1516938,1425753,1463625
window000004194,585.1644,12.235,1519810,1458949,1700031,1344027,1339110
window000004196,161.0446,12.231,486974,608928,621658,585913,518902
window000004200,521.216,12.243,161639,206466,196190,244112,233865
window000004211,193.0863,12.326,357308,305286,306807,280261,330803
window000004219,527.3231,12.384,2050223,1998072,2410988,1814805,1896596
window000004223,645.2767,12.41,17036602,17256218,16494997,14699559,15898183
window000004227,601.2864,12.405,3126132,2707822,3043952,2495906,2732604
window000004228,667.2599,12.396,1712585,1768435,1594734,1424487,1596978
window000004236,1043.5439,12.445,6945538,7310418,7657968,6014822,7067760
window000004237,321.9821,12.445,374386,457349,516517,827296,962146
window000004238,383.9821,12.448,625556,783029,941355,1172172,1314510
window000004239,1089.5491,12.444,3701106,3949609,3849337,3163867,3944190
window000004240,911.5014,12.451,2681079,2434251,2293236,2479112,2862843
window000004241,375.9502,12.444,136002,220608,275582,383350,343666
window000004249,941.5124,12.471,60029500,51937880,50583924,50201036,56920300
window000004250,987.5187,12.472,33649404,28687716,26077250,30784706,34288244
window000004251,1040.4309,12.469,970943,877154,771693,871543,848425
window000004252,1059.4485,12.469,881453,843656,720457,863873,1010211
window000004256,977.49,12.465,1059043,1186890,1243965,1303551,1295656
window000004257,1009.5003,12.468,7010170,5862218,5686542,5980633,6416116
window000004261,1077.4854,12.47,1212860,1124181,975395,1102146,1269726
window000004263,559.2763,12.468,892432,669337,810693,748057,755143
window000004268,729.3347,12.508,595163,568107,628259,496751,555977
window000004273,387.2866,12.54,1504449,1442994,2514174,1302477,1670897
window000004275,384.0365,12.515,696448,623005,598099,588004,687086
window000004278,315.1812,12.544,869882,749893,2392156,852384,891364
window000004283,177.0913,12.589,1165081,1031837,1069924,1121400,1090158
window000004284,209.1542,12.602,690061,563506,802567,560157,556009
window000004285,249.133,12.608,3530798,2577376,4467650,1896589,1652118
window000004290,243.16,12.606,2049954,1772148,2984250,1841755,1955372
window000004293,1027.5487,12.615,3306095,3412465,3442342,3089698,3601685
window000004301,925.5171,12.689,31494374,31301162,31375362,28665190,32392000
window000004302,795.4787,12.658,7683642,7876157,7888148,7317961,7926186
window000004305,971.5238,12.673,4881126,5013878,4428903,4773792,5406868
window000004306,993.5052,12.672,2600040,2658812,2433711,2602000,2730163
window000004307,731.35,12.655,580225,515524,530399,491424,448336
window000004311,187.1333,12.714,313402,351468,296031,401706,386326
window000004312,1043.544,12.739,1080107,1153630,1043325,901126,1102121
window000004315,501.2527,12.777,2867538,3042252,3003077,2691858,2808732
window000004316,429.2129,12.77,218772,284919,218227,217681,236279
window000004325,445.2446,12.835,1424778,1394960,1426480,1453578,1558237
window000004326,277.1445,12.827,771438,875919,805528,760278,818589
window000004328,409.2048,12.848,1379622,1344743,1461512,1236459,1319688
window000004339,1113.546,12.963,96666560,97140520,98516496,97319080,96392624
window000004345,1067.5404,12.958,151139936,160412592,156603152,151166512,147648160
window000004346,729.3344,12.904,5391019,5111729,5340862,4565578,4808502
window000004353,1135.53,12.947,10119623,9615000,9392482,9480239,9457422
window000004354,1037.5332,12.92,11380175,11937713,13504192,11695824,11460561
window000004360,1185.4785,12.937,4714616,5397052,5049797,4964706,5114585
window000004361,1203.5181,12.934,1371490,1369880,1241750,1297402,1334205
window000004362,1103.5206,12.934,2994265,4448114,4184858,4703707,4532286
window000004363,779.4601,12.928,1322696,1346872,1298160,1333206,1373065
window000004366,1215.4743,12.936,1610842,1597409,1645135,1526880,1532099
window000004367,1130.5415,12.94,1621838,1574182,1431799,1620916,1205220
window000004378,447.1341,12.971,1311991,1421263,1562439,1133550,1303045
window000004383,895.5068,12.95,3892184,3775953,3648188,4088589,3647778
window000004389,221.1543,12.994,668099,754736,800681,784801,629856
window000004390,293.1775,12.999,3340260,3825791,3623097,3385443,2961880
window000004392,236.1052,12.992,1164877,1434428,1437852,1372866,1089793
window000004395,431.1711,13.001,383282,378697,392729,353124,352086
window000004399,923.5008,13.061,1312737,1488880,1450930,1184415,1431443
window000004405,1037.5318,13.065,1723986,1782203,1725622,1668551,1679946
window000004408,1051.5494,13.117,80443016,83153976,80792216,77996984,78056488
window000004409,1097.5565,13.102,14999292,15752931,14745720,14779083,15319423
window000004410,1119.5358,13.098,5570198,5822356,5750868,5567529,5810866
